Scenario_A,Scenario_B,Pair,Model,Accuracy,F1_Score,ROC_AUC,CV_AUC_Mean,CV_AUC_Std,Num_Features,Num_Samples,Train_Size,Test_Size
1,2,S1_vs_S2,Gradient Boosting,0.5555555555555556,0.5428571428571428,0.5478395061728396,0.556698790627362,0.05105656455206803,55,351,279,72
1,2,S1_vs_S2,SVM (RBF),0.5,0.5,0.5343364197530863,0.5633030990173847,0.03761350803102882,55,351,279,72
1,2,S1_vs_S2,XGBoost,0.5277777777777778,0.5277777777777778,0.5246913580246914,0.5740079365079366,0.05328454420329642,55,351,279,72
1,2,S1_vs_S2,Stacking (RF+XGB+LGBM+SVM),0.4861111111111111,0.463768115942029,0.5246913580246914,,,55,351,279,72
1,2,S1_vs_S2,AdaBoost,0.5,0.5384615384615384,0.5231481481481481,0.5507842025699168,0.05276159187214668,55,351,279,72
1,2,S1_vs_S2,LightGBM,0.5694444444444444,0.5633802816901409,0.521604938271605,0.5832860922146637,0.048434741093890434,55,351,279,72
1,2,S1_vs_S2,Random Forest,0.4861111111111111,0.5066666666666667,0.5042438271604938,0.523937074829932,0.05176881642921662,55,351,279,72
1,2,S1_vs_S2,KNN,0.4166666666666667,0.4473684210526316,0.4783950617283951,0.500765306122449,0.08020352988333872,55,351,279,72
1,2,S1_vs_S2,Logistic Regression,0.4166666666666667,0.4473684210526316,0.4112654320987654,0.537207105064248,0.0622076431973851,55,351,279,72
1,3,S1_vs_S3,KNN,0.5428571428571428,0.5675675675675675,0.5677551020408164,0.5525179516250945,0.06833556996682778,55,348,278,70
1,3,S1_vs_S3,SVM (RBF),0.5142857142857142,0.5277777777777778,0.5559183673469388,0.5541005291005291,0.07644297586755737,55,348,278,70
1,3,S1_vs_S3,LightGBM,0.5428571428571428,0.5555555555555556,0.529795918367347,0.5757842025699168,0.04681139969494903,55,348,278,70
1,3,S1_vs_S3,XGBoost,0.5714285714285714,0.5833333333333334,0.5093877551020408,0.5969104308390023,0.054769459885496655,55,348,278,70
1,3,S1_vs_S3,AdaBoost,0.5142857142857142,0.5405405405405406,0.5012244897959184,0.5759448223733938,0.03828890307578881,55,348,278,70
1,3,S1_vs_S3,Random Forest,0.5142857142857142,0.5405405405405406,0.49142857142857144,0.5837112622826909,0.05470117040214942,55,348,278,70
1,3,S1_vs_S3,Gradient Boosting,0.45714285714285713,0.4722222222222222,0.49142857142857144,0.560959939531368,0.046769658021903304,55,348,278,70
1,3,S1_vs_S3,Logistic Regression,0.4857142857142857,0.47058823529411764,0.48,0.5598922902494331,0.06865314591392614,55,348,278,70
1,3,S1_vs_S3,Stacking (RF+XGB+LGBM+SVM),0.4857142857142857,0.5135135135135135,0.4693877551020408,,,55,348,278,70
1,4,S1_vs_S4,XGBoost,0.5833333333333334,0.5588235294117647,0.5964506172839507,0.45189909297052144,0.05786410643749103,55,350,278,72
1,4,S1_vs_S4,Gradient Boosting,0.5416666666666666,0.5217391304347826,0.5902777777777778,0.48295540438397583,0.05029482519052138,55,350,278,72
1,4,S1_vs_S4,Logistic Regression,0.5,0.47058823529411764,0.5825617283950616,0.46814058956916094,0.06675163448249338,55,350,278,72
1,4,S1_vs_S4,KNN,0.5416666666666666,0.5217391304347826,0.5817901234567902,0.5186366213151927,0.07349452373753967,55,350,278,72
1,4,S1_vs_S4,Random Forest,0.5,0.5135135135135135,0.5733024691358025,0.4755857898715042,0.037456495438822006,55,350,278,72
1,4,S1_vs_S4,AdaBoost,0.5,0.4857142857142857,0.5439814814814815,0.5361111111111111,0.05202474260089141,55,350,278,72
1,4,S1_vs_S4,LightGBM,0.5138888888888888,0.4927536231884058,0.5007716049382717,0.446494708994709,0.04746578850766473,55,350,278,72
1,4,S1_vs_S4,SVM (RBF),0.4861111111111111,0.463768115942029,0.4853395061728395,0.4743008314436886,0.03250415549151597,55,350,278,72
1,4,S1_vs_S4,Stacking (RF+XGB+LGBM+SVM),0.4444444444444444,0.47368421052631576,0.462962962962963,,,55,350,278,72
1,5,S1_vs_S5,Logistic Regression,0.6527777777777778,0.6666666666666666,0.7276234567901234,0.6371787603930461,0.04195292647170155,55,351,279,72
1,5,S1_vs_S5,Random Forest,0.625,0.6301369863013698,0.6682098765432098,0.6302626606198036,0.031241767963156152,55,351,279,72
1,5,S1_vs_S5,AdaBoost,0.625,0.6197183098591549,0.6577932098765433,0.6621645880574452,0.03193932729467256,55,351,279,72
1,5,S1_vs_S5,XGBoost,0.5972222222222222,0.5915492957746479,0.6280864197530864,0.620436507936508,0.04111642480727861,55,351,279,72
1,5,S1_vs_S5,Stacking (RF+XGB+LGBM+SVM),0.5833333333333334,0.5714285714285714,0.6103395061728395,,,55,351,279,72
1,5,S1_vs_S5,LightGBM,0.5694444444444444,0.5507246376811594,0.6072530864197531,0.6117630385487529,0.03913583149363687,55,351,279,72
1,5,S1_vs_S5,SVM (RBF),0.5694444444444444,0.5974025974025974,0.5744598765432098,0.57651171579743,0.055618368409543095,55,351,279,72
1,5,S1_vs_S5,KNN,0.5833333333333334,0.5588235294117647,0.552854938271605,0.5817743764172336,0.045521489002377964,55,351,279,72
1,5,S1_vs_S5,Gradient Boosting,0.4722222222222222,0.45714285714285713,0.525462962962963,0.6190192743764171,0.052448626048161744,55,351,279,72
1,6,S1_vs_S6,Logistic Regression,0.6388888888888888,0.6388888888888888,0.6890432098765432,0.6172052154195011,0.06990608510328437,55,351,279,72
1,6,S1_vs_S6,Gradient Boosting,0.5833333333333334,0.5833333333333334,0.6473765432098766,0.6230442176870749,0.0935863353828537,55,351,279,72
1,6,S1_vs_S6,AdaBoost,0.5694444444444444,0.5753424657534246,0.6466049382716049,0.5763510959939532,0.07645248250298217,55,351,279,72
1,6,S1_vs_S6,Random Forest,0.6388888888888888,0.6388888888888888,0.6358024691358025,0.5994425547996978,0.07556638899730463,55,351,279,72
1,6,S1_vs_S6,LightGBM,0.5833333333333334,0.5833333333333334,0.6072530864197531,0.5558201058201059,0.08164419241983636,55,351,279,72
1,6,S1_vs_S6,XGBoost,0.5694444444444444,0.5753424657534246,0.6041666666666667,0.5619047619047619,0.08646859608086427,55,351,279,72
1,6,S1_vs_S6,Stacking (RF+XGB+LGBM+SVM),0.5416666666666666,0.547945205479452,0.5995370370370371,,,55,351,279,72
1,6,S1_vs_S6,KNN,0.5138888888888888,0.47761194029850745,0.5470679012345678,0.5573459939531368,0.05869892234159836,55,351,279,72
1,6,S1_vs_S6,SVM (RBF),0.5,0.5,0.5154320987654322,0.5337679516250945,0.07118819583014667,55,351,279,72
1,7,S1_vs_S7,Logistic Regression,0.7361111111111112,0.7466666666666667,0.8310185185185185,0.7598828420256992,0.07208492808812945,55,351,279,72
1,7,S1_vs_S7,AdaBoost,0.7777777777777778,0.7894736842105263,0.8194444444444443,0.7407785336356765,0.04153376608994023,55,351,279,72
1,7,S1_vs_S7,Stacking (RF+XGB+LGBM+SVM),0.7083333333333334,0.7272727272727273,0.7924382716049383,,,55,351,279,72
1,7,S1_vs_S7,Gradient Boosting,0.7638888888888888,0.7733333333333333,0.7878086419753086,0.7458333333333333,0.07549057092927015,55,351,279,72
1,7,S1_vs_S7,Random Forest,0.7361111111111112,0.7466666666666667,0.7800925925925926,0.7700444066515495,0.05858347983710509,55,351,279,72
1,7,S1_vs_S7,KNN,0.7083333333333334,0.7341772151898734,0.7735339506172839,0.7034533257747543,0.07358517910643543,55,351,279,72
1,7,S1_vs_S7,SVM (RBF),0.6666666666666666,0.6842105263157895,0.7619598765432098,0.6939720332577476,0.07479457032077136,55,351,279,72
1,7,S1_vs_S7,XGBoost,0.7222222222222222,0.7368421052631579,0.760030864197531,0.7384920634920634,0.07052649753643678,55,351,279,72
1,7,S1_vs_S7,LightGBM,0.6944444444444444,0.717948717948718,0.7584876543209876,0.7415627362055934,0.07207789495361423,55,351,279,72
1,8,S1_vs_S8,Gradient Boosting,0.42857142857142855,0.42857142857142855,0.47346938775510206,0.5811224489795919,0.03470325503519066,55,350,280,70
1,8,S1_vs_S8,AdaBoost,0.42857142857142855,0.4117647058823529,0.45510204081632655,0.5966836734693877,0.08846341457603053,55,350,280,70
1,8,S1_vs_S8,Logistic Regression,0.4142857142857143,0.4225352112676056,0.4457142857142857,0.5959183673469388,0.06658798546594695,55,350,280,70
1,8,S1_vs_S8,KNN,0.4714285714285714,0.4788732394366197,0.44326530612244897,0.5215561224489795,0.057579644423138336,55,350,280,70
1,8,S1_vs_S8,Random Forest,0.44285714285714284,0.48,0.4424489795918367,0.5483418367346939,0.06893822913051807,55,350,280,70
1,8,S1_vs_S8,LightGBM,0.4142857142857143,0.4383561643835616,0.4146938775510204,0.5798469387755102,0.06231803999742932,55,350,280,70
1,8,S1_vs_S8,XGBoost,0.4142857142857143,0.4383561643835616,0.4073469387755102,0.5862244897959183,0.102729183241891,55,350,280,70
1,8,S1_vs_S8,Stacking (RF+XGB+LGBM+SVM),0.38571428571428573,0.410958904109589,0.38448979591836735,,,55,350,280,70
1,8,S1_vs_S8,SVM (RBF),0.42857142857142855,0.4444444444444444,0.35959183673469386,0.5512755102040815,0.07003189908032145,55,350,280,70
1,9,S1_vs_S9,Logistic Regression,0.6111111111111112,0.5757575757575758,0.628858024691358,0.5475151171579743,0.05805092308712685,55,351,279,72
1,9,S1_vs_S9,LightGBM,0.6111111111111112,0.5483870967741935,0.5686728395061729,0.5346466364323507,0.03976955465356423,55,351,279,72
1,9,S1_vs_S9,XGBoost,0.5694444444444444,0.5373134328358209,0.5462962962962963,0.5296863189720332,0.04697062203279871,55,351,279,72
1,9,S1_vs_S9,Random Forest,0.5694444444444444,0.5507246376811594,0.533179012345679,0.5083097127739984,0.06922012614639861,55,351,279,72
1,9,S1_vs_S9,AdaBoost,0.5277777777777778,0.5,0.533179012345679,0.539800642479214,0.03004991182702478,55,351,279,72
1,9,S1_vs_S9,Stacking (RF+XGB+LGBM+SVM),0.5555555555555556,0.4838709677419355,0.5324074074074074,,,55,351,279,72
1,9,S1_vs_S9,SVM (RBF),0.5138888888888888,0.47761194029850745,0.5227623456790124,0.5348733938019652,0.02298507198593096,55,351,279,72
1,9,S1_vs_S9,Gradient Boosting,0.5416666666666666,0.5074626865671642,0.5038580246913581,0.526662887377173,0.04312616444186213,55,351,279,72
1,9,S1_vs_S9,KNN,0.5138888888888888,0.5205479452054794,0.49189814814814814,0.5009070294784581,0.039972102143802535,55,351,279,72
2,3,S2_vs_S3,XGBoost,0.5,0.47058823529411764,0.5887345679012346,0.5689247921390779,0.0590266917324656,55,349,277,72
2,3,S2_vs_S3,SVM (RBF),0.5694444444444444,0.5373134328358209,0.5709876543209877,0.526832955404384,0.0700562248554407,55,349,277,72
2,3,S2_vs_S3,LightGBM,0.5555555555555556,0.5428571428571428,0.5671296296296297,0.564795918367347,0.04407420264815393,55,349,277,72
2,3,S2_vs_S3,Stacking (RF+XGB+LGBM+SVM),0.4861111111111111,0.4126984126984127,0.5655864197530864,,,55,349,277,72
2,3,S2_vs_S3,Gradient Boosting,0.5138888888888888,0.4927536231884058,0.5570987654320988,0.5844765684051398,0.052251106735439305,55,349,277,72
2,3,S2_vs_S3,KNN,0.5138888888888888,0.5205479452054794,0.5470679012345679,0.5684996220710505,0.09476248238710316,55,349,277,72
2,3,S2_vs_S3,Random Forest,0.5277777777777778,0.5,0.537037037037037,0.5419406651549509,0.08223408579003226,55,349,277,72
2,3,S2_vs_S3,AdaBoost,0.5277777777777778,0.5277777777777778,0.5335648148148149,0.5160903250188964,0.0722329254607174,55,349,277,72
2,3,S2_vs_S3,Logistic Regression,0.5,0.5263157894736842,0.5030864197530864,0.553354119425548,0.06844974074563998,55,349,277,72
2,4,S2_vs_S4,Stacking (RF+XGB+LGBM+SVM),0.5694444444444444,0.5373134328358209,0.6358024691358025,,,55,351,279,72
2,4,S2_vs_S4,AdaBoost,0.6111111111111112,0.5882352941176471,0.6327160493827161,0.4821097883597883,0.052227242640361105,55,351,279,72
2,4,S2_vs_S4,XGBoost,0.5833333333333334,0.5714285714285714,0.632716049382716,0.4832766439909297,0.05828590766080366,55,351,279,72
2,4,S2_vs_S4,Gradient Boosting,0.5833333333333334,0.5588235294117647,0.6111111111111112,0.449234693877551,0.06526026770254685,55,351,279,72
2,4,S2_vs_S4,LightGBM,0.5833333333333334,0.5588235294117647,0.6033950617283951,0.47474489795918373,0.048087918839964536,55,351,279,72
2,4,S2_vs_S4,SVM (RBF),0.5694444444444444,0.5230769230769231,0.6026234567901234,0.5189909297052153,0.06310653165924057,55,351,279,72
2,4,S2_vs_S4,Random Forest,0.5694444444444444,0.5507246376811594,0.5814043209876544,0.4976710128495842,0.04847241643317244,55,351,279,72
2,4,S2_vs_S4,KNN,0.5138888888888888,0.4067796610169492,0.538966049382716,0.5132794784580499,0.04393301969630417,55,351,279,72
2,4,S2_vs_S4,Logistic Regression,0.5,0.5135135135135135,0.5046296296296295,0.5188586545729402,0.06969875560668458,55,351,279,72
2,5,S2_vs_S5,Logistic Regression,0.6527777777777778,0.691358024691358,0.7445987654320988,0.588265306122449,0.046742880933366204,55,352,280,72
2,5,S2_vs_S5,SVM (RBF),0.6944444444444444,0.6857142857142857,0.7299382716049383,0.5801020408163265,0.06345019067906336,55,352,280,72
2,5,S2_vs_S5,Random Forest,0.6666666666666666,0.6571428571428571,0.6917438271604939,0.6190051020408163,0.029608875284732154,55,352,280,72
2,5,S2_vs_S5,Stacking (RF+XGB+LGBM+SVM),0.6666666666666666,0.6571428571428571,0.6620370370370371,,,55,352,280,72
2,5,S2_vs_S5,KNN,0.6527777777777778,0.6031746031746031,0.6577932098765432,0.664923469387755,0.04203304490287074,55,352,280,72
2,5,S2_vs_S5,XGBoost,0.6111111111111112,0.6111111111111112,0.6427469135802469,0.639795918367347,0.04437309164318143,55,352,280,72
2,5,S2_vs_S5,Gradient Boosting,0.5555555555555556,0.5789473684210527,0.6373456790123457,0.6181122448979591,0.08215157134662042,55,352,280,72
2,5,S2_vs_S5,LightGBM,0.6111111111111112,0.6111111111111112,0.6327160493827161,0.6229591836734694,0.0488678572467293,55,352,280,72
2,5,S2_vs_S5,AdaBoost,0.6111111111111112,0.6111111111111112,0.6080246913580247,0.5585459183673469,0.03511801813648135,55,352,280,72
2,6,S2_vs_S6,Random Forest,0.5138888888888888,0.4927536231884058,0.6674382716049383,0.6302295918367347,0.020381838889514312,55,352,280,72
2,6,S2_vs_S6,KNN,0.625,0.5846153846153846,0.6496913580246914,0.5963010204081632,0.10064656527484843,55,352,280,72
2,6,S2_vs_S6,Gradient Boosting,0.5694444444444444,0.5230769230769231,0.6481481481481481,0.6375,0.0211504054369124,55,352,280,72
2,6,S2_vs_S6,AdaBoost,0.5555555555555556,0.5151515151515151,0.6415895061728395,0.6073979591836735,0.07084951142718666,55,352,280,72
2,6,S2_vs_S6,SVM (RBF),0.6527777777777778,0.6268656716417911,0.6369598765432098,0.571173469387755,0.05739739228744992,55,352,280,72
2,6,S2_vs_S6,Logistic Regression,0.6111111111111112,0.6216216216216216,0.6334876543209876,0.6073979591836735,0.06827209325340165,55,352,280,72
2,6,S2_vs_S6,Stacking (RF+XGB+LGBM+SVM),0.5833333333333334,0.5714285714285714,0.6219135802469137,,,55,352,280,72
2,6,S2_vs_S6,XGBoost,0.5555555555555556,0.5294117647058824,0.6149691358024691,0.6061224489795919,0.03062712223519915,55,352,280,72
2,6,S2_vs_S6,LightGBM,0.5277777777777778,0.5,0.6064814814814815,0.6040816326530611,0.03319856833672948,55,352,280,72
2,7,S2_vs_S7,Random Forest,0.7361111111111112,0.7397260273972602,0.8533950617283952,0.7307397959183674,0.061074699842485064,55,352,280,72
2,7,S2_vs_S7,SVM (RBF),0.7638888888888888,0.7536231884057971,0.8090277777777778,0.6454081632653061,0.04924196308820022,55,352,280,72
2,7,S2_vs_S7,Stacking (RF+XGB+LGBM+SVM),0.6944444444444444,0.7027027027027027,0.8078703703703703,,,55,352,280,72
2,7,S2_vs_S7,Logistic Regression,0.7083333333333334,0.72,0.8055555555555556,0.7405612244897959,0.052445654226354346,55,352,280,72
2,7,S2_vs_S7,AdaBoost,0.6944444444444444,0.7027027027027027,0.7970679012345679,0.7135204081632652,0.060934688272790236,55,352,280,72
2,7,S2_vs_S7,KNN,0.7222222222222222,0.7142857142857143,0.7962962962962963,0.6751275510204081,0.0553527342361866,55,352,280,72
2,7,S2_vs_S7,XGBoost,0.7083333333333334,0.7123287671232876,0.7939814814814814,0.7196428571428571,0.04626709979148644,55,352,280,72
2,7,S2_vs_S7,Gradient Boosting,0.6805555555555556,0.684931506849315,0.7893518518518519,0.7017857142857142,0.04448148677321854,55,352,280,72
2,7,S2_vs_S7,LightGBM,0.7222222222222222,0.7222222222222222,0.787037037037037,0.7278061224489796,0.039144657978195496,55,352,280,72
2,8,S2_vs_S8,SVM (RBF),0.6388888888888888,0.6388888888888888,0.7021604938271605,0.5613473167044596,0.09238512880806185,55,351,279,72
2,8,S2_vs_S8,XGBoost,0.5833333333333334,0.625,0.6304012345679012,0.5445672713529857,0.09213870581427017,55,351,279,72
2,8,S2_vs_S8,Random Forest,0.5694444444444444,0.5974025974025974,0.6280864197530864,0.5415249433106576,0.11361067005014251,55,351,279,72
2,8,S2_vs_S8,KNN,0.5833333333333334,0.5714285714285714,0.6107253086419753,0.5041761148904007,0.0810000915603363,55,351,279,72
2,8,S2_vs_S8,LightGBM,0.5694444444444444,0.6075949367088608,0.6103395061728395,0.534760015117158,0.08845242372360285,55,351,279,72
2,8,S2_vs_S8,Stacking (RF+XGB+LGBM+SVM),0.5555555555555556,0.5789473684210527,0.5964506172839507,,,55,351,279,72
2,8,S2_vs_S8,Gradient Boosting,0.5138888888888888,0.5454545454545454,0.5771604938271605,0.5395502645502646,0.09935161232596418,55,351,279,72
2,8,S2_vs_S8,Logistic Regression,0.5694444444444444,0.6172839506172839,0.5702160493827161,0.5521069538926682,0.1262127379657764,55,351,279,72
2,8,S2_vs_S8,AdaBoost,0.5416666666666666,0.5714285714285714,0.5536265432098766,0.5274896069538927,0.06510976293471349,55,351,279,72
2,9,S2_vs_S9,Gradient Boosting,0.5972222222222222,0.5797101449275363,0.6651234567901234,0.5145408163265306,0.09881574382989142,55,352,280,72
2,9,S2_vs_S9,AdaBoost,0.6111111111111112,0.6111111111111112,0.6396604938271606,0.5089285714285714,0.09556968211698563,55,352,280,72
2,9,S2_vs_S9,XGBoost,0.5694444444444444,0.5633802816901409,0.6358024691358025,0.5165816326530612,0.10707906264053993,55,352,280,72
2,9,S2_vs_S9,Stacking (RF+XGB+LGBM+SVM),0.5416666666666666,0.547945205479452,0.6334876543209875,,,55,352,280,72
2,9,S2_vs_S9,SVM (RBF),0.5277777777777778,0.5277777777777778,0.6304012345679012,0.6025510204081633,0.07583270210714703,55,352,280,72
2,9,S2_vs_S9,LightGBM,0.5833333333333334,0.5714285714285714,0.6219135802469136,0.5306122448979591,0.10243228480120906,55,352,280,72
2,9,S2_vs_S9,Random Forest,0.6111111111111112,0.6410256410256411,0.6130401234567902,0.5535714285714286,0.10424672406028464,55,352,280,72
2,9,S2_vs_S9,Logistic Regression,0.5138888888888888,0.5454545454545454,0.6003086419753086,0.5928571428571429,0.07351808901722548,55,352,280,72
2,9,S2_vs_S9,KNN,0.5555555555555556,0.5428571428571428,0.5520833333333334,0.5567602040816326,0.06093548925280708,55,352,280,72
3,4,S3_vs_S4,XGBoost,0.5555555555555556,0.5675675675675675,0.6018518518518519,0.5609504913076342,0.06584529687759773,55,348,276,72
3,4,S3_vs_S4,KNN,0.6111111111111112,0.5625,0.589891975308642,0.5140636810279667,0.05741784288973784,55,348,276,72
3,4,S3_vs_S4,Logistic Regression,0.5416666666666666,0.547945205479452,0.5563271604938272,0.46963340891912325,0.05038189803928241,55,348,276,72
3,4,S3_vs_S4,LightGBM,0.5277777777777778,0.5,0.5501543209876544,0.573478835978836,0.07849735075270925,55,348,276,72
3,4,S3_vs_S4,Random Forest,0.5555555555555556,0.5675675675675675,0.5239197530864197,0.48184051398337113,0.04372735120050182,55,348,276,72
3,4,S3_vs_S4,AdaBoost,0.4861111111111111,0.463768115942029,0.5162037037037037,0.5304091080876796,0.06526235575472772,55,348,276,72
3,4,S3_vs_S4,Gradient Boosting,0.4444444444444444,0.4444444444444444,0.4737654320987654,0.5491780045351474,0.04774431552120914,55,348,276,72
3,4,S3_vs_S4,SVM (RBF),0.5138888888888888,0.5205479452054794,0.4618055555555556,0.4567271352985639,0.07612871901708251,55,348,276,72
3,4,S3_vs_S4,Stacking (RF+XGB+LGBM+SVM),0.4583333333333333,0.48,0.4390432098765432,,,55,348,276,72
3,5,S3_vs_S5,Logistic Regression,0.7083333333333334,0.7272727272727273,0.8094135802469136,0.6246787603930462,0.061237861654813715,55,349,277,72
3,5,S3_vs_S5,AdaBoost,0.6111111111111112,0.5882352941176471,0.71875,0.6013133030990174,0.05386340577371919,55,349,277,72
3,5,S3_vs_S5,Random Forest,0.6666666666666666,0.6571428571428571,0.7129629629629629,0.6616921768707483,0.05484187995833982,55,349,277,72
3,5,S3_vs_S5,XGBoost,0.6388888888888888,0.6060606060606061,0.6898148148148149,0.6216931216931216,0.06139796449811369,55,349,277,72
3,5,S3_vs_S5,Gradient Boosting,0.6111111111111112,0.6,0.6766975308641975,0.6110733182161754,0.062257825538547536,55,349,277,72
3,5,S3_vs_S5,Stacking (RF+XGB+LGBM+SVM),0.6111111111111112,0.6111111111111112,0.6674382716049383,,,55,349,277,72
3,5,S3_vs_S5,SVM (RBF),0.6111111111111112,0.6,0.6462191358024691,0.5697467876039305,0.05201705482878414,55,349,277,72
3,5,S3_vs_S5,LightGBM,0.5833333333333334,0.5714285714285714,0.6435185185185185,0.6014361300075586,0.06113847970628384,55,349,277,72
3,5,S3_vs_S5,KNN,0.5416666666666666,0.5352112676056338,0.58179012345679,0.6142195767195766,0.05469764652600081,55,349,277,72
3,6,S3_vs_S6,AdaBoost,0.6666666666666666,0.6363636363636364,0.7087191358024691,0.6068310657596372,0.038105491037688385,55,349,277,72
3,6,S3_vs_S6,Random Forest,0.6527777777777778,0.6376811594202898,0.6739969135802469,0.6278155706727135,0.026981583684301414,55,349,277,72
3,6,S3_vs_S6,Logistic Regression,0.5972222222222222,0.6329113924050633,0.6643518518518519,0.6000850340136055,0.05093580791434489,55,349,277,72
3,6,S3_vs_S6,XGBoost,0.6111111111111112,0.631578947368421,0.6520061728395061,0.6116591080876796,0.04866989603946289,55,349,277,72
3,6,S3_vs_S6,Stacking (RF+XGB+LGBM+SVM),0.6527777777777778,0.6666666666666666,0.6504629629629629,,,55,349,277,72
3,6,S3_vs_S6,LightGBM,0.625,0.6301369863013698,0.6358024691358025,0.587481103552532,0.05684565561992185,55,349,277,72
3,6,S3_vs_S6,Gradient Boosting,0.5555555555555556,0.5789473684210527,0.6087962962962964,0.6190003779289494,0.053283140262408275,55,349,277,72
3,6,S3_vs_S6,KNN,0.5833333333333334,0.5588235294117647,0.6084104938271606,0.5937641723356009,0.06235677636253821,55,349,277,72
3,6,S3_vs_S6,SVM (RBF),0.5138888888888888,0.5977011494252874,0.5505401234567902,0.5508503401360545,0.026288018224411003,55,349,277,72
3,7,S3_vs_S7,Random Forest,0.7638888888888888,0.7536231884057971,0.8614969135802468,0.7682586923658352,0.07299691175400176,55,349,277,72
3,7,S3_vs_S7,Stacking (RF+XGB+LGBM+SVM),0.7361111111111112,0.7323943661971831,0.8364197530864198,,,55,349,277,72
3,7,S3_vs_S7,Logistic Regression,0.7222222222222222,0.7297297297297297,0.8287037037037037,0.7517668178382465,0.0815550269899196,55,349,277,72
3,7,S3_vs_S7,SVM (RBF),0.6944444444444444,0.725,0.8252314814814816,0.7262377173091459,0.07363174793646682,55,349,277,72
3,7,S3_vs_S7,AdaBoost,0.7361111111111112,0.7397260273972602,0.8248456790123457,0.7361819727891157,0.06183676209383579,55,349,277,72
3,7,S3_vs_S7,KNN,0.7361111111111112,0.7466666666666667,0.8206018518518519,0.7221277399848829,0.08780226868593798,55,349,277,72
3,7,S3_vs_S7,XGBoost,0.7222222222222222,0.7222222222222222,0.8140432098765432,0.7501795162509448,0.08204440794829496,55,349,277,72
3,7,S3_vs_S7,LightGBM,0.7083333333333334,0.7123287671232876,0.808641975308642,0.7286753590325019,0.07617717674855987,55,349,277,72
3,7,S3_vs_S7,Gradient Boosting,0.6944444444444444,0.6944444444444444,0.7916666666666667,0.732927059712774,0.07007183646399572,55,349,277,72
3,8,S3_vs_S8,Random Forest,0.6,0.6,0.6326530612244898,0.534297052154195,0.04368245774537791,55,348,278,70
3,8,S3_vs_S8,AdaBoost,0.6,0.6,0.6265306122448979,0.5541855631141346,0.07920494053705704,55,348,278,70
3,8,S3_vs_S8,Stacking (RF+XGB+LGBM+SVM),0.5714285714285714,0.6808510638297872,0.6244897959183674,,,55,348,278,70
3,8,S3_vs_S8,XGBoost,0.5142857142857142,0.48484848484848486,0.616326530612245,0.5098450491307635,0.04483238014445874,55,348,278,70
3,8,S3_vs_S8,LightGBM,0.5714285714285714,0.5588235294117647,0.6130612244897959,0.5224678760393047,0.04947964137307659,55,348,278,70
3,8,S3_vs_S8,Gradient Boosting,0.5857142857142857,0.5671641791044776,0.6024489795918367,0.5255763416477702,0.05757249063739616,55,348,278,70
3,8,S3_vs_S8,Logistic Regression,0.5714285714285714,0.5833333333333334,0.5787755102040816,0.46343537414965985,0.03786464513716043,55,348,278,70
3,8,S3_vs_S8,KNN,0.5142857142857142,0.43333333333333335,0.5424489795918368,0.5650037792894936,0.08286101372002,55,348,278,70
3,8,S3_vs_S8,SVM (RBF),0.5142857142857142,0.45161290322580644,0.4012244897959184,0.521192365835223,0.07291232638405251,55,348,278,70
3,9,S3_vs_S9,KNN,0.6388888888888888,0.6285714285714286,0.6778549382716049,0.5842120181405897,0.022542155037808192,55,349,277,72
3,9,S3_vs_S9,Random Forest,0.5694444444444444,0.5753424657534246,0.6381172839506173,0.5925406273620559,0.056417673880535604,55,349,277,72
3,9,S3_vs_S9,Logistic Regression,0.5694444444444444,0.5866666666666667,0.6296296296296295,0.5990646258503401,0.04948921509631789,55,349,277,72
3,9,S3_vs_S9,AdaBoost,0.5138888888888888,0.5205479452054794,0.5964506172839507,0.564488851095994,0.05316275548109842,55,349,277,72
3,9,S3_vs_S9,SVM (RBF),0.5277777777777778,0.5277777777777778,0.5864197530864197,0.565854119425548,0.06111266388387447,55,349,277,72
3,9,S3_vs_S9,Gradient Boosting,0.5416666666666666,0.56,0.5787037037037037,0.5753684807256236,0.05592676181740265,55,349,277,72
3,9,S3_vs_S9,XGBoost,0.5416666666666666,0.547945205479452,0.5748456790123457,0.6049981103552533,0.08722217997355784,55,349,277,72
3,9,S3_vs_S9,LightGBM,0.5277777777777778,0.5526315789473685,0.5563271604938271,0.5955876795162509,0.09149997433659318,55,349,277,72
3,9,S3_vs_S9,Stacking (RF+XGB+LGBM+SVM),0.5138888888888888,0.5679012345679012,0.5223765432098765,,,55,349,277,72
4,5,S4_vs_S5,Random Forest,0.7083333333333334,0.676923076923077,0.7777777777777778,0.5914871504157219,0.07595847511073538,55,351,279,72
4,5,S4_vs_S5,Logistic Regression,0.6666666666666666,0.6842105263157895,0.7530864197530864,0.59541761148904,0.10462789678681687,55,351,279,72
4,5,S4_vs_S5,XGBoost,0.6666666666666666,0.6363636363636364,0.7314814814814815,0.5889928193499622,0.05958254250023724,55,351,279,72
4,5,S4_vs_S5,AdaBoost,0.6527777777777778,0.647887323943662,0.7287808641975309,0.6191326530612244,0.058946514186821716,55,351,279,72
4,5,S4_vs_S5,Gradient Boosting,0.6805555555555556,0.6461538461538462,0.7183641975308642,0.5946334089191232,0.08647615178081335,55,351,279,72
4,5,S4_vs_S5,LightGBM,0.6111111111111112,0.5757575757575758,0.6983024691358024,0.5775604686318973,0.04913097600105177,55,351,279,72
4,5,S4_vs_S5,Stacking (RF+XGB+LGBM+SVM),0.6111111111111112,0.5757575757575758,0.6882716049382717,,,55,351,279,72
4,5,S4_vs_S5,KNN,0.5416666666666666,0.47619047619047616,0.5428240740740742,0.5585789871504157,0.03468641941974474,55,351,279,72
4,5,S4_vs_S5,SVM (RBF),0.6111111111111112,0.6216216216216216,0.5416666666666666,0.504261148904006,0.03044500651450339,55,351,279,72
4,6,S4_vs_S6,AdaBoost,0.6111111111111112,0.5882352941176471,0.6450617283950617,0.6162320483749055,0.06153363691077722,55,351,279,72
4,6,S4_vs_S6,KNN,0.5833333333333334,0.5833333333333334,0.6377314814814815,0.5654998110355253,0.08466970228957149,55,351,279,72
4,6,S4_vs_S6,Random Forest,0.5694444444444444,0.5507246376811594,0.6222993827160493,0.6093348450491307,0.06243617118646425,55,351,279,72
4,6,S4_vs_S6,Logistic Regression,0.5972222222222222,0.6233766233766234,0.6103395061728395,0.6035241874527589,0.09170622634100556,55,351,279,72
4,6,S4_vs_S6,Gradient Boosting,0.5138888888888888,0.47761194029850745,0.6080246913580247,0.5903628117913831,0.056487921648229376,55,351,279,72
4,6,S4_vs_S6,Stacking (RF+XGB+LGBM+SVM),0.5138888888888888,0.5070422535211268,0.6072530864197531,,,55,351,279,72
4,6,S4_vs_S6,XGBoost,0.5277777777777778,0.48484848484848486,0.5864197530864198,0.5822467876039304,0.07400379367215394,55,351,279,72
4,6,S4_vs_S6,LightGBM,0.5416666666666666,0.547945205479452,0.5794753086419754,0.5785808767951626,0.07875309912394554,55,351,279,72
4,6,S4_vs_S6,SVM (RBF),0.5416666666666666,0.5217391304347826,0.5763888888888888,0.5633219954648526,0.04729632639567334,55,351,279,72
4,7,S4_vs_S7,Random Forest,0.7638888888888888,0.7605633802816901,0.8217592592592592,0.7365221088435374,0.03535298703052109,55,351,279,72
4,7,S4_vs_S7,Stacking (RF+XGB+LGBM+SVM),0.7361111111111112,0.7397260273972602,0.8016975308641975,,,55,351,279,72
4,7,S4_vs_S7,Logistic Regression,0.6666666666666666,0.6842105263157895,0.8001543209876543,0.7480536659108088,0.04323924030391325,55,351,279,72
4,7,S4_vs_S7,Gradient Boosting,0.7083333333333334,0.7123287671232876,0.7924382716049384,0.7250944822373394,0.06205457406470805,55,351,279,72
4,7,S4_vs_S7,XGBoost,0.7361111111111112,0.7323943661971831,0.7847222222222223,0.7345521541950113,0.024157909016624162,55,351,279,72
4,7,S4_vs_S7,AdaBoost,0.6666666666666666,0.6923076923076923,0.7800925925925927,0.7392951625094482,0.021004500011897752,55,351,279,72
4,7,S4_vs_S7,LightGBM,0.7361111111111112,0.7246376811594203,0.7739197530864198,0.7183956916099773,0.03513916222858903,55,351,279,72
4,7,S4_vs_S7,SVM (RBF),0.7222222222222222,0.7368421052631579,0.771604938271605,0.6845143613000756,0.07463357240172977,55,351,279,72
4,7,S4_vs_S7,KNN,0.7083333333333334,0.72,0.7689043209876544,0.7055980725623583,0.033297316624909964,55,351,279,72
4,8,S4_vs_S8,AdaBoost,0.625,0.6197183098591549,0.6439043209876543,0.4716553287981859,0.04172988805869494,55,350,278,72
4,8,S4_vs_S8,Random Forest,0.5972222222222222,0.6027397260273972,0.6404320987654321,0.4280423280423281,0.021230994421083917,55,350,278,72
4,8,S4_vs_S8,XGBoost,0.5972222222222222,0.5797101449275363,0.6319444444444444,0.4661186696900982,0.013859658619685888,55,350,278,72
4,8,S4_vs_S8,Logistic Regression,0.5416666666666666,0.5822784810126582,0.6203703703703703,0.46401171579743006,0.050273521724498886,55,350,278,72
4,8,S4_vs_S8,LightGBM,0.5972222222222222,0.6027397260273972,0.6118827160493827,0.44038170823885103,0.02120693754341738,55,350,278,72
4,8,S4_vs_S8,Gradient Boosting,0.5833333333333334,0.5833333333333334,0.5902777777777777,0.4756708238851096,0.048693178944739166,55,350,278,72
4,8,S4_vs_S8,KNN,0.4861111111111111,0.4931506849315068,0.5073302469135803,0.5323365457294028,0.048835751769526155,55,350,278,72
4,8,S4_vs_S8,SVM (RBF),0.5138888888888888,0.5333333333333333,0.4652777777777778,0.4973544973544974,0.07682554588297319,55,350,278,72
4,8,S4_vs_S8,Stacking (RF+XGB+LGBM+SVM),0.4027777777777778,0.37681159420289856,0.3773148148148148,,,55,350,278,72
4,9,S4_vs_S9,AdaBoost,0.6527777777777778,0.6575342465753424,0.6712962962962964,0.5526974678760392,0.04521339593362925,55,351,279,72
4,9,S4_vs_S9,Random Forest,0.6527777777777778,0.6575342465753424,0.6662808641975309,0.5160761526832955,0.04749358464495648,55,351,279,72
4,9,S4_vs_S9,Gradient Boosting,0.625,0.6086956521739131,0.6628086419753086,0.5148148148148148,0.05474831595638393,55,351,279,72
4,9,S4_vs_S9,LightGBM,0.6111111111111112,0.6,0.64429012345679,0.4494708994708995,0.05766599030843451,55,351,279,72
4,9,S4_vs_S9,XGBoost,0.6111111111111112,0.6111111111111112,0.6296296296296297,0.486592970521542,0.05269743209050921,55,351,279,72
4,9,S4_vs_S9,Logistic Regression,0.5555555555555556,0.5789473684210527,0.6057098765432098,0.5057539682539682,0.06991560053826387,55,351,279,72
4,9,S4_vs_S9,SVM (RBF),0.5555555555555556,0.5555555555555556,0.6057098765432098,0.5289777021919879,0.05246936113777339,55,351,279,72
4,9,S4_vs_S9,KNN,0.5416666666666666,0.5822784810126582,0.5652006172839505,0.5689767573696145,0.0940767131117077,55,351,279,72
4,9,S4_vs_S9,Stacking (RF+XGB+LGBM+SVM),0.375,0.43037974683544306,0.3734567901234568,,,55,351,279,72
5,6,S5_vs_S6,XGBoost,0.5833333333333334,0.5945945945945946,0.5779320987654322,0.4946428571428571,0.03996562454605335,55,352,280,72
5,6,S5_vs_S6,Logistic Regression,0.5416666666666666,0.5217391304347826,0.5432098765432098,0.47755102040816333,0.042599749419007966,55,352,280,72
5,6,S5_vs_S6,LightGBM,0.5833333333333334,0.5833333333333334,0.5347222222222222,0.47397959183673477,0.039335378096727304,55,352,280,72
5,6,S5_vs_S6,Gradient Boosting,0.5694444444444444,0.5633802816901409,0.5192901234567902,0.5038265306122448,0.053607859332913024,55,352,280,72
5,6,S5_vs_S6,Random Forest,0.5138888888888888,0.4927536231884058,0.5142746913580247,0.49897959183673474,0.05374667642737321,55,352,280,72
5,6,S5_vs_S6,AdaBoost,0.5138888888888888,0.46153846153846156,0.51195987654321,0.5369897959183674,0.059025948786564225,55,352,280,72
5,6,S5_vs_S6,KNN,0.5,0.5135135135135135,0.48572530864197533,0.4878826530612246,0.08933763067884826,55,352,280,72
5,6,S5_vs_S6,SVM (RBF),0.5138888888888888,0.47761194029850745,0.4749228395061728,0.45892857142857146,0.04804730289293353,55,352,280,72
5,6,S5_vs_S6,Stacking (RF+XGB+LGBM+SVM),0.4583333333333333,0.4657534246575342,0.43132716049382713,,,55,352,280,72
5,7,S5_vs_S7,Logistic Regression,0.5694444444444444,0.6075949367088608,0.6643518518518519,0.5854591836734694,0.06710686958145869,55,352,280,72
5,7,S5_vs_S7,XGBoost,0.6111111111111112,0.6410256410256411,0.662037037037037,0.5576530612244899,0.05742573024316583,55,352,280,72
5,7,S5_vs_S7,Random Forest,0.5972222222222222,0.6329113924050633,0.6570216049382716,0.5975765306122449,0.03353160826150578,55,352,280,72
5,7,S5_vs_S7,Gradient Boosting,0.6111111111111112,0.6585365853658537,0.6527777777777778,0.5767857142857142,0.06200291706267978,55,352,280,72
5,7,S5_vs_S7,AdaBoost,0.5833333333333334,0.6052631578947368,0.6512345679012346,0.6223214285714287,0.06947890359357123,55,352,280,72
5,7,S5_vs_S7,Stacking (RF+XGB+LGBM+SVM),0.6111111111111112,0.65,0.6442901234567902,,,55,352,280,72
5,7,S5_vs_S7,LightGBM,0.5833333333333334,0.6153846153846154,0.6350308641975309,0.5352040816326531,0.059113258603919326,55,352,280,72
5,7,S5_vs_S7,SVM (RBF),0.625,0.6823529411764706,0.6161265432098766,0.5369897959183673,0.07735525102069539,55,352,280,72
5,7,S5_vs_S7,KNN,0.5416666666666666,0.5822784810126582,0.5783179012345678,0.5664540816326531,0.06616493265471395,55,352,280,72
5,8,S5_vs_S8,Random Forest,0.6944444444444444,0.7105263157894737,0.7897376543209877,0.6297619047619047,0.08679798777692485,55,351,279,72
5,8,S5_vs_S8,Logistic Regression,0.6666666666666666,0.625,0.7770061728395061,0.587339380196523,0.06387061719517152,55,351,279,72
5,8,S5_vs_S8,Gradient Boosting,0.6666666666666666,0.6666666666666666,0.7662037037037037,0.6245275888133032,0.09066928722383366,55,351,279,72
5,8,S5_vs_S8,Stacking (RF+XGB+LGBM+SVM),0.6944444444444444,0.7027027027027027,0.7546296296296297,,,55,351,279,72
5,8,S5_vs_S8,LightGBM,0.6944444444444444,0.6944444444444444,0.736111111111111,0.6264266817838245,0.08600897883486736,55,351,279,72
5,8,S5_vs_S8,XGBoost,0.625,0.6301369863013698,0.7337962962962964,0.6465797430083144,0.09205965121836782,55,351,279,72
5,8,S5_vs_S8,AdaBoost,0.6388888888888888,0.6486486486486487,0.7141203703703705,0.6836451247165533,0.10221535683434586,55,351,279,72
5,8,S5_vs_S8,SVM (RBF),0.5972222222222222,0.5671641791044776,0.7071759259259259,0.5065759637188209,0.07135725797955111,55,351,279,72
5,8,S5_vs_S8,KNN,0.625,0.6493506493506493,0.7064043209876543,0.5367535903250189,0.05367947012468023,55,351,279,72
5,9,S5_vs_S9,AdaBoost,0.7777777777777778,0.7948717948717948,0.802854938271605,0.582780612244898,0.08007969596047966,55,352,280,72
5,9,S5_vs_S9,Random Forest,0.7083333333333334,0.72,0.7816358024691357,0.6118622448979592,0.06183870265272866,55,352,280,72
5,9,S5_vs_S9,Logistic Regression,0.7361111111111112,0.7397260273972602,0.7515432098765432,0.6492346938775511,0.0548142997330714,55,352,280,72
5,9,S5_vs_S9,Gradient Boosting,0.6944444444444444,0.717948717948718,0.7492283950617284,0.5581632653061225,0.07940847534017843,55,352,280,72
5,9,S5_vs_S9,Stacking (RF+XGB+LGBM+SVM),0.6388888888888888,0.6666666666666666,0.7253086419753086,,,55,352,280,72
5,9,S5_vs_S9,XGBoost,0.6111111111111112,0.631578947368421,0.7021604938271605,0.6183673469387755,0.08271130474947846,55,352,280,72
5,9,S5_vs_S9,LightGBM,0.6111111111111112,0.631578947368421,0.6720679012345678,0.586734693877551,0.0833836443990635,55,352,280,72
5,9,S5_vs_S9,KNN,0.5833333333333334,0.6052631578947368,0.6377314814814816,0.6389030612244898,0.05036472814694939,55,352,280,72
5,9,S5_vs_S9,SVM (RBF),0.5694444444444444,0.5633802816901409,0.5987654320987654,0.6318877551020409,0.03019054785042061,55,352,280,72
6,7,S6_vs_S7,Gradient Boosting,0.5833333333333334,0.5714285714285714,0.6157407407407407,0.5642857142857143,0.05779961506683431,55,352,280,72
6,7,S6_vs_S7,Random Forest,0.5833333333333334,0.5714285714285714,0.6141975308641975,0.5758928571428571,0.08712491003116365,55,352,280,72
6,7,S6_vs_S7,Stacking (RF+XGB+LGBM+SVM),0.5694444444444444,0.5633802816901409,0.6126543209876544,,,55,352,280,72
6,7,S6_vs_S7,AdaBoost,0.6111111111111112,0.6,0.5991512345679013,0.6017857142857143,0.07013636164873956,55,352,280,72
6,7,S6_vs_S7,XGBoost,0.5972222222222222,0.6027397260273972,0.5902777777777778,0.5683673469387756,0.05576532946206357,55,352,280,72
6,7,S6_vs_S7,LightGBM,0.5416666666666666,0.5217391304347826,0.5748456790123458,0.5642857142857143,0.0633177448902952,55,352,280,72
6,7,S6_vs_S7,Logistic Regression,0.5694444444444444,0.5866666666666667,0.5686728395061729,0.5551020408163265,0.057798489147829465,55,352,280,72
6,7,S6_vs_S7,KNN,0.5138888888888888,0.5333333333333333,0.5459104938271605,0.5278061224489796,0.07169524744968903,55,352,280,72
6,7,S6_vs_S7,SVM (RBF),0.4444444444444444,0.48717948717948717,0.49961419753086417,0.5413265306122449,0.07309730753030458,55,352,280,72
6,8,S6_vs_S8,AdaBoost,0.6527777777777778,0.6753246753246753,0.7345679012345678,0.6176540060468632,0.06740327317950232,55,351,279,72
6,8,S6_vs_S8,Logistic Regression,0.625,0.6301369863013698,0.7152777777777778,0.6021825396825398,0.07492172743502926,55,351,279,72
6,8,S6_vs_S8,Gradient Boosting,0.6527777777777778,0.6666666666666666,0.7037037037037037,0.6223544973544973,0.06845202558348508,55,351,279,72
6,8,S6_vs_S8,Random Forest,0.6666666666666666,0.6842105263157895,0.6971450617283951,0.6318405139833712,0.0608351503863073,55,351,279,72
6,8,S6_vs_S8,KNN,0.6666666666666666,0.6842105263157895,0.6786265432098765,0.5840419501133787,0.07843753367002876,55,351,279,72
6,8,S6_vs_S8,XGBoost,0.625,0.6666666666666666,0.6419753086419753,0.6182728647014362,0.07203093407161995,55,351,279,72
6,8,S6_vs_S8,SVM (RBF),0.6527777777777778,0.6835443037974683,0.6311728395061729,0.5583522297808012,0.056803129692782575,55,351,279,72
6,8,S6_vs_S8,Stacking (RF+XGB+LGBM+SVM),0.625,0.6582278481012658,0.6165123456790124,,,55,351,279,72
6,8,S6_vs_S8,LightGBM,0.5972222222222222,0.6419753086419753,0.6072530864197531,0.596324640967498,0.06775323808848731,55,351,279,72
6,9,S6_vs_S9,AdaBoost,0.6944444444444444,0.6944444444444444,0.8125,0.6317602040816327,0.05615085088382099,55,352,280,72
6,9,S6_vs_S9,Gradient Boosting,0.6666666666666666,0.6923076923076923,0.7901234567901234,0.6267857142857143,0.06809169987477716,55,352,280,72
6,9,S6_vs_S9,LightGBM,0.6527777777777778,0.6753246753246753,0.7685185185185185,0.5910714285714287,0.04322154361623105,55,352,280,72
6,9,S6_vs_S9,Stacking (RF+XGB+LGBM+SVM),0.6388888888888888,0.6486486486486487,0.7592592592592592,,,55,352,280,72
6,9,S6_vs_S9,Random Forest,0.6666666666666666,0.6842105263157895,0.7484567901234568,0.664030612244898,0.06868524742071241,55,352,280,72
6,9,S6_vs_S9,XGBoost,0.625,0.6493506493506493,0.7345679012345679,0.611734693877551,0.0483120432125048,55,352,280,72
6,9,S6_vs_S9,Logistic Regression,0.6805555555555556,0.7012987012987013,0.7299382716049383,0.6880102040816327,0.06804867858545206,55,352,280,72
6,9,S6_vs_S9,KNN,0.5694444444444444,0.6265060240963856,0.6743827160493827,0.6196428571428572,0.08995431154395975,55,352,280,72
6,9,S6_vs_S9,SVM (RBF),0.5972222222222222,0.5797101449275363,0.6531635802469136,0.6094387755102041,0.0397124320518804,55,352,280,72
7,8,S7_vs_S8,Random Forest,0.8611111111111112,0.868421052631579,0.9047067901234568,0.7280801209372638,0.0479397579251694,55,351,279,72
7,8,S7_vs_S8,SVM (RBF),0.7361111111111112,0.7466666666666667,0.8649691358024691,0.6583616780045352,0.04397596950310126,55,351,279,72
7,8,S7_vs_S8,Stacking (RF+XGB+LGBM+SVM),0.7777777777777778,0.7837837837837838,0.8626543209876543,,,55,351,279,72
7,8,S7_vs_S8,AdaBoost,0.8055555555555556,0.8055555555555556,0.8622685185185185,0.6795115268329555,0.04413725961369173,55,351,279,72
7,8,S7_vs_S8,XGBoost,0.75,0.7567567567567568,0.8479938271604939,0.6947562358276645,0.06365505126778878,55,351,279,72
7,8,S7_vs_S8,Gradient Boosting,0.7222222222222222,0.7058823529411765,0.845679012345679,0.6872401738473168,0.05337991803238062,55,351,279,72
7,8,S7_vs_S8,Logistic Regression,0.7916666666666666,0.7945205479452054,0.8425925925925926,0.7503401360544218,0.030672889664916353,55,351,279,72
7,8,S7_vs_S8,LightGBM,0.7222222222222222,0.7222222222222222,0.8263888888888888,0.6725245653817081,0.06591921492982106,55,351,279,72
7,8,S7_vs_S8,KNN,0.7638888888888888,0.7384615384615385,0.8252314814814814,0.6721608087679516,0.05630519606885146,55,351,279,72
7,9,S7_vs_S9,Random Forest,0.8194444444444444,0.8266666666666667,0.9158950617283952,0.8022959183673469,0.01940704598814152,55,352,280,72
7,9,S7_vs_S9,KNN,0.8611111111111112,0.8648648648648649,0.9074074074074074,0.7505102040816327,0.07308172597432905,55,352,280,72
7,9,S7_vs_S9,Stacking (RF+XGB+LGBM+SVM),0.8194444444444444,0.8266666666666667,0.9020061728395062,,,55,352,280,72
7,9,S7_vs_S9,Gradient Boosting,0.7916666666666666,0.8,0.8881172839506173,0.7831632653061223,0.04055239924527405,55,352,280,72
7,9,S7_vs_S9,SVM (RBF),0.8472222222222222,0.8533333333333334,0.8804012345679012,0.7576530612244897,0.05433733352165953,55,352,280,72
7,9,S7_vs_S9,AdaBoost,0.8194444444444444,0.821917808219178,0.8726851851851852,0.7834183673469387,0.038783900810763286,55,352,280,72
7,9,S7_vs_S9,XGBoost,0.8333333333333334,0.8421052631578947,0.8703703703703703,0.7762755102040817,0.038099983001392175,55,352,280,72
7,9,S7_vs_S9,Logistic Regression,0.8194444444444444,0.821917808219178,0.8680555555555556,0.8137755102040817,0.04678184725745294,55,352,280,72
7,9,S7_vs_S9,LightGBM,0.8055555555555556,0.8108108108108109,0.8564814814814815,0.7948979591836736,0.03726935177091774,55,352,280,72
8,9,S8_vs_S9,AdaBoost,0.6111111111111112,0.6216216216216216,0.6743827160493827,0.5442413076341647,0.03382744166926818,55,351,279,72
8,9,S8_vs_S9,Gradient Boosting,0.6111111111111112,0.6216216216216216,0.6558641975308642,0.5377928949357521,0.029463615756861954,55,351,279,72
8,9,S8_vs_S9,LightGBM,0.6388888888888888,0.6285714285714286,0.646604938271605,0.5046107331821617,0.05001177497097395,55,351,279,72
8,9,S8_vs_S9,Stacking (RF+XGB+LGBM+SVM),0.5555555555555556,0.5294117647058824,0.6157407407407407,,,55,351,279,72
8,9,S8_vs_S9,XGBoost,0.5694444444444444,0.5373134328358209,0.5949074074074074,0.5012755102040817,0.04945296336088306,55,351,279,72
8,9,S8_vs_S9,KNN,0.5416666666666666,0.56,0.5933641975308643,0.49353741496598647,0.08493708336006403,55,351,279,72
8,9,S8_vs_S9,Random Forest,0.5555555555555556,0.5555555555555556,0.5925925925925926,0.47118291761148906,0.0537996266348289,55,351,279,72
8,9,S8_vs_S9,Logistic Regression,0.5694444444444444,0.5507246376811594,0.5779320987654322,0.474697656840514,0.03362166844200561,55,351,279,72
8,9,S8_vs_S9,SVM (RBF),0.5833333333333334,0.5714285714285714,0.3765432098765432,0.5171390778533635,0.08652694128286358,55,351,279,72
