,High_Beta,mav (µ),,,,,,,,,Low_Beta,mav (µ),,,,,,,,,Mu,mav (µ),,,,,,,,
,ID,scenario1,scenario2,scenario3,scenario4,scenario5,scenario6,scenario7,scenario8,scenario9,ID,scenario1,scenario2,scenario3,scenario4,scenario5,scenario6,scenario7,scenario8,scenario9,ID,scenario1,scenario2,scenario3,scenario4,scenario5,scenario6,scenario7,scenario8,scenario9
,id1,6.597785932,4.79895066,11.3250744,4.092029418,3.686032756,1.14346254,0.7880823363,0.02423315403,5.295953878,id1,2.703202638,4.849762331,8.119140781,4.156824376,3.18568422,1.022043489,1.255922943,0.03032261586,2.543457121,id1,3.467530577,5.932599444,8.995475626,4.048733507,5.494267,1.122526312,2.182166075,0.03068141858,2.937543515
,id10,6.409969733,15.06914056,11.17738296,3.767130258,16.03224908,22.24081665,1.252909439,9.028218403,15.16486246,id10,3.562445402,11.29872609,10.16349841,0.8687427192,14.3175004,16.25784542,0.4164605418,5.488391142,10.51348015,id10,6.114231863,15.18424183,11.85198581,0.7999744856,21.40025378,18.83884502,0.3865945927,7.9283795,10.93710585
,id100,8.174608412,10.37126745,17.30113112,14.845634,18.98155075,17.72244539,11.10723315,13.79958672,5.675169786,id100,9.534005644,7.129755822,16.93382471,11.67737677,11.09658393,16.09002269,9.985333529,9.037557083,5.437376607,id100,12.22599781,12.82090163,19.18895345,15.78077382,17.1952138,27.19361072,10.67569651,12.54064625,8.319432466
,id101,13.60964266,12.1721876,8.005984801,13.00303635,10.83475474,15.80087084,17.66773604,16.47429472,15.41694524,id101,10.47300115,9.539280483,7.374428195,11.96950119,8.455654552,13.0874317,12.15925357,11.28836067,11.01770435,id101,13.93780609,12.56579195,9.530713889,16.8362441,10.44240584,14.34445794,18.83164628,13.29369116,15.96663541
,id102,16.1577027,16.12445584,22.07642272,16.50604488,13.08228137,19.16438532,20.67915699,17.47291519,16.46037189,id102,18.10963246,14.28785594,18.48788073,11.75638544,8.668694913,15.68672028,16.25872067,9.736219131,10.97763162,id102,16.55691788,18.03494341,23.02391692,15.72474882,14.09412416,12.65309384,17.93148566,13.31246687,13.76835126
,id103,14.66908917,19.40590245,11.63767255,10.59493334,15.7374287,21.82998055,18.30833337,12.27047157,12.55301089,id103,13.63999229,20.01561134,11.6235523,10.62886914,18.37438106,19.91926778,13.80751644,9.942737998,11.25712181,id103,14.46226287,21.22185521,14.40331735,14.88348539,17.15995523,29.73363084,26.15330384,11.6269599,16.29303961
,id104,13.03127216,13.92985403,5.838261835,11.15925957,4.519040396,8.600535006,12.31631537,14.62690723,14.77301445,id104,12.28285635,9.797019151,5.535693575,13.59914274,5.641608919,7.748420971,13.46287146,15.34352844,17.32651633,id104,25.50224675,20.06531371,9.193917381,20.98685783,8.430899222,15.71899162,22.48256187,18.94778456,18.38258369
,id105,13.35215976,13.03323598,9.29760585,12.06727219,17.19462047,21.04458709,18.1033463,19.60568516,19.07490661,id105,9.4680491,9.166687188,6.564011647,8.798786289,9.956366897,13.40657444,10.87441659,11.73448768,19.73745263,id105,9.677496944,9.453515598,7.68046168,11.33671262,10.53481005,11.78510716,11.69120705,15.28682021,15.97686807
,id106,3.123261634,0.0001375811083,6.352528316,6.533571785,0.3674134034,10.74806287,6.29886204,11.06388977,5.607608486,id106,3.227620968,0.00007015039829,5.629867117,4.45318552,0.2997093915,9.294962974,6.733076845,6.847247674,6.295564763,id106,2.745218623,0.0002577722924,7.175385663,4.451562862,0.3220817792,12.69849972,8.291514308,10.00253825,6.72956908
,id107,11.19196846,18.51857781,12.72581137,18.52025819,15.32396711,17.62573729,13.97226899,14.43410084,12.70472489,id107,7.370517073,11.55534273,10.18385571,14.79745363,12.00526732,13.02488534,16.05006683,9.078037054,13.23043686,id107,9.544589935,16.86985601,10.26205912,19.77643534,19.45579087,17.05327058,16.35790786,12.0947547,14.39490306
,id108,15.96095749,19.46531845,10.54435389,14.3830659,16.65022763,13.59620041,9.886391509,20.6366764,14.32969504,id108,10.21729546,15.72760613,8.163470582,10.67146376,9.678417788,9.065281154,6.557018957,12.81502445,11.15896584,id108,11.6837144,11.65889829,8.129011706,12.57691454,10.38376228,8.891111205,6.761708095,15.69239233,12.44497179
,id109,8.726943253,10.08086756,10.09369087,0.4550596959,1.7608226,11.02455826,2.002439978,3.363470552,9.364048065,id109,9.549235641,9.780096704,9.299757586,0.75987127,2.491683309,11.74351543,2.150894516,4.565937434,8.719275567,id109,11.23567153,13.70110298,8.601538682,1.090491354,3.516257925,16.62007966,3.683441388,4.96037044,11.37579796
,id11,18.62636551,7.363259147,1.107590335,0.1757177087,9.807599112,18.02945373,6.9314379,20.95745472,10.89797972,id11,16.03762066,7.272755257,1.135990877,0.2121183888,8.385217835,13.08328452,6.217749279,17.52098644,4.232064247,id11,20.47420732,5.694862283,1.183265217,0.3588143154,6.110192605,20.90538157,3.531182579,30.42723514,4.889891816
,id110,13.97167029,7.549579582,19.2741358,11.25883673,7.772365867,8.280945089,6.069219627,12.18515627,14.96967748,id110,10.98143273,7.948890824,16.65812356,7.522709229,5.572729812,5.784168948,4.995627949,7.970477585,13.22012661,id110,9.922687359,9.195960726,15.22063738,8.668677461,8.101776762,5.622162484,5.940854594,11.80590642,20.98557503
,id111,7.345649598,2.231030414,6.362790768,6.450392915,12.15975732,21.06878006,8.88683555,16.5685636,13.35925124,id111,5.858164398,1.29241609,3.823359328,5.324232691,9.684947513,16.96364956,5.668260211,8.450167289,11.52053631,id111,6.123042007,1.326000688,3.863334942,5.136447258,10.96004242,17.03054858,7.398950352,10.35731426,12.82632653
,id112,2.030858143,4.937468463,14.09273368,0.795905603,5.775339588,6.715868299,14.44699296,9.047510055,17.50607368,id112,1.459490994,4.140038146,9.972437509,0.4452959258,4.120038927,5.507980264,10.46959561,7.585097386,13.24337475,id112,1.940654648,3.037093815,9.980949916,0.516932432,7.897156763,6.620316134,9.980791925,6.838290335,11.94399586
,id113,12.30900228,15.91962918,10.69729738,12.93330912,14.19171693,14.50289915,17.95530659,16.92410506,13.96643361,id113,11.49168407,14.34986174,11.58300093,12.23391461,9.920811393,12.29266838,15.03974882,13.4511562,12.3170083,id113,14.75433358,20.39712015,20.134907,19.71006371,18.70458765,17.81596332,26.99945602,24.01948421,20.69573896
,id114,11.66759965,11.99880402,10.37904578,12.68205843,17.43277664,20.75199268,9.478688231,8.478972938,9.622363399,id114,8.308785494,6.675169832,7.817246133,12.32232563,13.73719051,15.6927266,8.207253341,6.88318219,10.29876652,id114,11.03241307,9.039239361,10.4602266,14.83170232,17.06363327,21.855662,8.75795944,7.281673748,11.36702994
,id115,7.205302995,7.754318859,7.280227723,11.74933523,8.128351775,10.54980851,5.058762288,7.173192437,15.21142717,id115,5.208685463,5.28496679,3.866926458,7.75273339,5.932311025,7.375330923,3.849083676,4.768861252,13.2673457,id115,5.660097498,6.243747418,4.568802628,8.945847038,6.679673716,9.379335759,3.853837942,5.598377027,18.2091885
,id116,12.43290424,6.537691145,10.16413586,10.01095219,15.56815042,8.137755164,10.13895892,9.69904497,10.20637045,id116,9.739425222,7.757755407,7.860812109,8.978233764,17.50525636,8.921448482,9.302289542,10.49769986,9.954169114,id116,15.03762152,13.73740647,19.03877036,12.45894962,18.39557624,11.6500081,14.18278689,13.51870835,20.53308591
,id117,6.664517481,11.71002022,20.53115786,16.97652652,13.43487718,1.935548559,6.598847143,8.139296817,0.01239528105,id117,7.213478673,11.30787581,14.76705421,17.54156406,11.23779307,2.046780866,6.395043302,6.498842882,0.01117477307,id117,8.561037939,9.739168913,14.50472727,16.26032432,13.40616854,3.86163819,7.713143906,8.457403648,0.01747808223
,id118,10.51262958,7.693746711,7.403829052,8.083585804,7.636857834,8.821092289,8.295411056,9.245900092,6.786404032,id118,8.04550115,4.516767369,6.592554198,4.826684163,5.74953526,6.632337511,6.208973377,7.729717628,5.855333773,id118,8.091238751,5.020406236,6.233160361,5.098317938,7.639008015,8.080021403,6.446081886,5.405937335,6.027159823
,id119,15.88476143,12.63598015,16.3057291,12.0428639,13.22451523,11.15827497,12.21802553,17.42486541,9.490689151,id119,15.57480927,13.27378117,18.64011629,10.57612014,11.15358702,11.16743139,15.62282735,15.04206175,9.513746131,id119,20.76075021,19.39871361,27.78178387,23.69195014,24.63664753,22.19269007,22.92299894,23.85757836,17.65304865
,id12,18.36360305,9.003579971,7.329299596,2.533935085,13.23493877,0.0001303920791,21.34663308,15.19986536,6.252485882,id12,11.59627289,6.941395365,7.183822498,0.8497845585,14.32253381,0.0002320349777,15.6384465,16.77665594,5.89687001,id12,18.53584751,5.761400462,9.00460562,1.177172879,16.29533989,0.000485587899,21.92340595,19.06052461,5.999329092
,id120,13.86702883,15.66221312,2.841990811,11.57895121,18.49993092,11.12233312,17.80156535,16.16846322,14.78178253,id120,12.37397694,11.5358397,1.872381193,11.21466117,15.15006274,8.858968603,10.7344178,10.63786867,12.48972337,id120,12.57256637,14.67848329,2.164134728,13.87833781,19.1065476,15.7387628,15.26518454,22.54892357,18.40809981
,id121,14.27463517,13.54203508,12.76462185,14.14610188,15.03014851,13.50984289,15.56074881,0.6911128748,8.330994702,id121,12.4989658,8.670054589,11.77934865,10.10499299,12.34728496,12.08322156,12.82984826,2.497876561,11.52859009,id121,14.72381864,10.86476701,16.82628452,12.46677006,12.41018385,13.96514918,16.1329304,3.264888299,7.152462533
,id122,13.70447255,12.94549086,13.42535491,10.64387974,9.589498103,4.960780119,7.996680614,6.686297408,13.46570878,id122,10.06238202,12.4464424,11.17985148,14.73042474,10.1846056,5.309510502,9.5426396,9.135436546,12.4684475,id122,14.88919704,14.19078313,13.43075311,11.56106206,10.70958974,5.00895453,12.63719602,6.806307845,19.04723672
,id123,17.0511405,14.09465929,17.46282779,13.10340707,17.91323062,0.7958913526,17.51261112,21.55152901,17.01618574,id123,15.04209718,9.461644833,17.60792935,12.67466677,14.80261972,0.6334334592,11.94441924,16.51681918,12.26564515,id123,18.87128833,11.0826094,24.47914711,16.53808871,20.20482612,0.7681199825,14.69380638,21.95688276,22.5440598
,id124,17.2761101,3.253929533,12.74101761,0.000008755672256,6.127293059,12.99426218,9.115263294,6.683919577,0.4950578506,id124,11.98086358,2.438878672,7.953694554,0.00001535145341,4.851056725,7.426908668,6.182302912,3.899996144,0.7689627041,id124,15.29029232,2.564066234,9.801104124,0.00002711100781,5.338642826,13.68718707,6.74213503,3.235983157,1.037495953
,id125,16.54344974,21.15993325,14.21019747,17.62527117,17.11207338,20.19225951,17.80015602,12.04891625,19.05588332,id125,12.16433985,14.58518019,12.59783425,12.9746378,15.19358447,17.09059892,18.32267551,11.49440601,17.41493362,id125,17.15838157,23.57050426,10.05713485,17.9408999,28.51823407,25.34091106,22.37833347,20.29937988,27.91064729
,id126,17.93728023,19.76064427,13.49544229,17.73262087,10.69054078,9.871082318,4.64014055,12.28339303,3.281570573,id126,16.79470659,9.902033136,11.31081895,14.10978597,7.679888082,6.602251344,4.675778837,9.512003989,2.567300733,id126,14.55095569,17.83547078,14.07018221,17.29941065,10.04021844,10.76828857,5.79903796,10.40521359,2.199664388
,id127,19.76064556,16.69889049,19.06471228,17.03968544,19.60998572,2.808306073,11.34394389,10.21769098,7.285341131,id127,15.71936861,15.24843129,12.42686456,13.28223754,14.75670545,1.880092974,9.492383517,7.834409073,9.492094357,id127,18.05472894,18.93872072,16.37784441,12.45520072,19.43138275,2.132012649,10.16357713,8.663652692,10.61381572
,id128,19.42743452,16.52411305,18.65373089,20.96676449,13.4240683,11.13742665,18.45852172,1.894444457,22.4268582,id128,16.33115508,10.44010023,12.77698348,16.41859104,11.5947605,7.427997417,12.09241073,2.376771561,13.37219987,id128,21.95638813,13.8393718,15.20521114,20.33478852,13.08377091,16.7828399,16.27096726,3.784789406,20.95152391
,id129,16.99551878,13.91364103,9.868917033,10.49835137,13.78791522,15.39580555,8.489389429,14.02385054,7.802801073,id129,11.59725689,11.01364748,7.203900266,5.206816385,8.667337754,12.59623664,8.200337608,8.331555962,4.481883225,id129,15.55060144,15.84413365,8.197156444,9.303308822,14.43783534,13.55268114,7.178232632,13.07044084,7.797682508
,id13,0.001167145304,1.285030846,10.10016349,13.89211422,9.683884926,9.911788834,6.789980781,9.428339985,7.607862581,id13,0.00304613352,0.9039881754,12.46016616,14.07986947,6.593948655,11.57516479,3.519553208,7.863474069,9.994431477,id13,0.005271562561,1.237536532,14.62077084,18.31607723,7.068635829,10.49733062,2.883583631,7.722136378,6.286049253
,id130,0.000000524757034,3.370633498,7.375596522,0.08881458091,12.78440117,6.726303844,3.836504181,13.83098468,19.15876409,id130,0.0000008495999341,1.074343318,6.063413098,0.08942321918,9.161061502,7.711004119,3.428741247,9.003849044,17.08357992,id130,0.000001204636027,2.639968459,8.266441924,0.06277202196,12.47098554,5.141106709,4.408823774,13.48032072,23.08398098
,id131,3.773696438,1.595992689,12.35663583,17.00504907,5.506698629,14.10090601,21.50214756,1.53756939,6.203909423,id131,2.690616619,0.6804566803,10.47287203,12.66773221,5.506630092,15.75779553,14.54686335,1.712154199,6.206274856,id131,4.289555712,0.850514769,14.58041682,12.80891389,7.247660586,13.32846146,23.35406528,1.762980104,6.62258801
,id132,4.264652949,11.65110235,14.32642157,16.02000696,7.987393069,9.806729416,15.28404293,2.419414197,8.392316395,id132,4.162250591,7.914272404,10.84560354,17.03195732,8.084369037,7.432518968,10.96975059,2.963536451,8.841434363,id132,6.746623094,21.34328795,15.00890243,21.70458398,13.67243532,15.71375727,18.9122406,2.236715029,14.35939524
,id133,10.1760005,9.422224015,10.98288329,16.03581593,18.90913457,12.63749246,7.132360955,2.446031924,6.588631153,id133,8.528583697,7.638921424,9.967675267,12.95146412,15.34286681,12.01646559,8.783097463,3.503273999,5.038639119,id133,10.14227488,11.14049888,13.5857225,16.24964596,15.44072487,15.91893739,10.34705123,3.074430163,5.711862723
,id134,10.56945509,14.39678031,15.38647803,13.21548561,8.704404292,14.70901864,10.61644364,12.49233562,12.02244144,id134,5.589271516,9.364018811,12.27300929,8.852807678,4.714580264,10.45254428,7.885868384,10.50754716,8.259109101,id134,7.479665508,11.16634067,11.37317143,8.399788852,5.470536527,11.51586871,7.975621823,7.32852224,9.503644321
,id135,16.62780308,18.03905809,15.53191419,11.1750047,14.22627638,15.54459727,6.686196113,16.57851185,9.77232406,id135,15.21664868,16.49313742,13.29170964,8.778311145,11.85930336,12.11770069,7.412150442,17.42528262,12.17862863,id135,21.24470978,23.95102206,17.8818705,20.47275853,22.19626852,16.82699795,7.225466897,26.28535188,17.86858818
,id136,17.02498209,15.08702615,17.0469967,17.30420883,12.58613128,9.250229493,11.7767571,9.942422558,13.16355106,id136,11.05476625,12.02631262,14.46163099,12.39345762,11.41103126,9.683228008,13.56855382,8.680959494,13.01847655,id136,21.64227624,21.77357821,22.46420484,21.77748473,24.86198848,11.73552431,22.15592893,16.2999755,24.34136468
,id137,15.6409062,13.80591525,3.110405488,13.69680014,15.89805502,6.78615858,10.83637159,18.0536148,3.438952463,id137,10.11164414,7.919021356,1.923025925,11.08717733,9.645253384,4.37846318,7.38491509,11.39189758,2.526865969,id137,14.19584492,8.183735913,1.27390741,13.44925785,9.612551859,4.17843816,7.752379408,10.90934047,3.107204229
,id138,21.55934614,16.30013297,19.54710408,16.04028768,15.53431223,19.694781,12.99071636,6.280237992,16.11164335,id138,19.25725755,16.7091607,16.65652647,18.00876171,15.66456662,16.85345853,15.14167274,5.572699313,15.89854304,id138,22.70300528,21.00534241,18.94393493,16.66274235,18.57583384,19.49925236,17.94812727,7.999478307,14.1821918
,id139,16.63378356,18.46996533,20.74802557,12.01875464,17.38803519,18.2603717,16.98206706,11.50710616,17.74034163,id139,13.28693817,15.77763194,20.2673476,13.5050957,16.66639566,13.63512269,13.4131328,9.561943659,19.00349697,id139,13.77184446,15.05807697,21.07620441,14.03107023,22.28988178,17.05117878,19.62365094,9.971515761,23.83011863
,id14,6.807786,4.759467471,1.139917909,12.22856943,13.90939524,16.62004464,7.20728028,15.93644095,14.81549233,id14,14.2401114,3.886701565,1.307232565,11.85730596,17.40404127,10.24132351,9.569644172,15.99373185,10.9456052,id14,14.80099828,6.415077862,1.707403352,20.65194424,13.65890115,10.63837005,23.71677731,16.06985668,14.06457707
,id140,14.03470445,12.23376346,14.54254272,14.04569961,7.674949362,20.43687329,19.2181909,13.68926597,11.22628093,id140,12.78516268,12.1073555,18.88501576,12.56488742,7.103842013,23.17427823,23.46802485,13.77318707,9.443313557,id140,16.1460608,16.14433806,15.8464139,14.0752567,10.08720829,20.10724319,17.9061646,11.6212327,13.51653757
,id141,16.19507684,17.90850477,18.89617414,17.60719579,19.02217208,18.60800642,16.5497975,13.39186981,18.72841043,id141,13.49644837,16.95243815,12.80161913,14.65169485,15.13206219,14.66824261,13.2199755,12.03097074,16.40975332,id141,16.71252204,21.03926665,16.20420651,18.65273543,21.21603301,19.68999753,20.55224054,13.29291337,18.79858781
,id142,17.85425181,16.40202567,16.46051322,13.9923665,13.78198106,17.0370808,13.54462806,7.218490889,17.38549308,id142,11.95666828,14.24469447,13.81058914,11.89856455,13.85757934,15.59524299,16.30407734,6.708583098,16.34074192,id142,21.53554583,23.68976499,13.16760072,25.25264219,19.54084381,19.24558902,19.55367659,8.492173238,23.90012632
,id143,13.41439075,17.58072733,17.1236763,17.27497977,15.84522067,16.72827418,13.88119815,20.8395534,15.39598914,id143,12.38373839,12.63542354,18.45606056,16.53715078,13.74030109,13.92554907,13.64703308,20.18947678,16.84726234,id143,19.69453207,20.95389128,19.26559177,19.74333453,21.94425466,21.8606315,16.49819971,24.4052457,25.65651112
,id144,18.45429856,14.839216,15.67054332,16.97138286,18.60727518,10.08897143,10.94132132,7.82098662,7.273627846,id144,15.82609583,16.265779,13.04529838,16.02670755,15.09674453,11.11071298,14.05156073,9.867800932,8.401849617,id144,21.52141066,18.95304786,20.39737444,21.42668951,20.2549619,11.81609477,17.55602921,7.408980152,13.12022849
,id145,15.59545966,24.79151952,15.87189811,14.45889015,17.54645668,11.95493258,12.30107693,8.600488819,22.43961848,id145,15.32141642,21.07387536,24.50761502,14.10133324,18.70998704,15.35370615,11.4278246,10.42480356,19.74864571,id145,16.68111939,24.14211311,15.71971491,12.80173,18.75533725,17.51764015,14.60922418,12.54904746,26.20338297
,id146,19.91384133,13.28313208,14.28435615,13.49461741,18.79326818,18.26419605,12.85500949,15.45090011,14.37009712,id146,14.33650838,9.289677534,13.8817327,10.3753057,13.99202047,17.86781004,12.99900682,14.46593951,14.61192545,id146,15.02027354,13.77562143,11.40345006,13.92907399,20.1936905,18.32637678,15.25781172,16.03611863,18.23150527
,id147,10.94068843,5.361595311,11.69559831,10.63879849,15.34793923,12.69661168,14.76014068,10.48772239,14.55289463,id147,8.911424896,5.481877276,13.76944679,9.321492785,13.5158311,11.46487115,14.03022147,11.93702108,6.878591417,id147,18.4691422,6.877735224,26.52867855,22.98541188,35.17309786,20.44260304,35.93570262,17.61630922,35.38051329
,id148,25.52502948,12.6573589,15.35059167,23.57984104,14.45311174,16.89722856,13.64768954,19.4093256,11.961145,id148,14.26616926,11.81235765,14.15830696,12.91962167,12.83938064,13.88985091,11.97633951,12.70692137,15.59584165,id148,23.24586483,12.37720448,14.36388156,15.12156627,14.56773398,18.1293539,11.92239641,21.07941601,10.57283098
,id149,16.98260088,18.3808867,7.417525661,10.09769484,22.85233334,11.63352767,6.495377693,1.634109359,14.46775495,id149,13.18914638,15.94760534,6.918687233,11.49169657,21.77752927,8.042810879,6.372293346,1.163291599,11.50512223,id149,18.66687475,20.65275737,10.36549064,14.10299191,18.48199305,7.814275422,7.574586436,1.389175974,16.21099999
,id15,13.95868128,18.95167364,15.69118385,14.3667004,17.0404123,19.54501655,18.92043964,21.52392523,19.78701239,id15,8.212094664,23.67030341,13.51939258,14.9073062,9.319400142,18.56643337,10.14376699,17.06056369,14.1966831,id15,17.01317187,16.89821068,13.6313114,18.31383524,10.97199319,17.01893203,13.46198999,25.04628528,12.12335637
,id150,10.08398262,13.39486249,14.23031587,8.329656425,12.28182586,17.01197429,13.65695059,12.20167776,22.6933395,id150,8.739035951,11.20744953,15.44215121,6.418956393,12.21611407,13.6015897,9.941332923,9.884435672,18.17041322,id150,13.78817732,12.3126278,14.56750748,7.056785775,14.08475162,16.8519446,15.09801472,10.83946043,26.32153562
,id151,8.957469905,23.70474025,19.06148811,15.95022217,15.26844437,21.18921405,18.27571606,15.75692088,16.80899921,id151,5.812812501,12.9491207,9.156944543,10.33861624,13.98481236,17.40606454,12.80821005,12.31148949,13.23279285,id151,5.714227321,12.93859326,13.23393758,11.45363213,12.7421179,18.95471805,15.25935516,16.21298945,17.7132719
,id152,1.626890285,3.622621754,9.4516028,11.06292152,0.4412009524,4.147703671,11.37009105,10.05027899,17.5363119,id152,1.163879042,2.644340203,5.368268452,5.834951065,0.2737598446,2.896472268,8.307380033,7.348437077,11.1503754,id152,1.277428632,2.651326745,5.552022972,9.276140679,0.2754777277,2.533242478,6.95523701,7.233420794,17.95208052
,id153,17.43861968,17.33199887,10.60904006,3.034906886,18.12619952,20.56875637,16.07242066,14.34557563,15.29813505,id153,17.47573519,15.81347665,12.44255841,3.814194359,14.62119099,17.26622667,11.22688469,13.69516609,13.63153936,id153,17.52869774,17.01068389,15.03878098,3.917352737,18.9410777,23.58758048,19.08186082,15.5248816,18.64429455
,id154,12.00516832,18.10713616,17.50004142,11.3417087,16.11977512,13.47158897,15.50816726,17.39557312,16.14986992,id154,11.24743409,13.99714916,13.15543256,11.49814301,15.41772642,10.92203726,13.20124215,13.59257445,15.38332001,id154,17.9192576,16.55973568,20.77555793,9.980009681,16.9963617,18.23743101,19.94206857,15.44408838,39.24034263
,id155,11.90701431,11.15860661,11.06608056,14.95415224,12.83805983,13.53726155,13.76023929,7.004212669,9.749067054,id155,12.45244114,12.21703538,8.017256029,13.64365437,13.28745142,8.66273661,11.76030197,4.10695029,7.58675917,id155,15.53590861,13.25187672,10.9052709,22.24441616,10.10140136,10.86334805,14.99590622,8.256367998,8.954739576
,id156,11.57960283,18.29720577,12.77483801,17.03850206,11.96261003,13.05734934,13.17901838,17.00871903,0.1985437037,id156,10.68469198,14.0165991,10.68571541,10.10768297,14.60157265,10.18730564,11.26076233,16.45687319,0.1213433525,id156,10.41373206,13.93810191,13.93171384,11.87895991,14.28863678,12.53875376,10.1004994,20.62489054,0.1912257373
,id157,15.65432457,11.87142511,14.51237597,18.35565315,15.43832453,15.52068354,15.52959117,21.61340598,15.51666955,id157,11.58288821,8.17956283,9.724109275,13.85873606,12.78616403,11.49372627,11.47050613,13.15522713,15.60250199,id157,13.62490689,8.782171003,12.13691508,12.27975476,12.64480975,10.09474705,14.89399476,14.58362913,18.55946177
,id158,8.993333982,10.30845359,5.635690068,10.2240521,6.080305158,6.46461987,4.299841712,21.10421131,17.34189685,id158,6.166311982,9.702629399,3.596700125,6.041957041,6.497302578,5.226227373,3.863595953,21.66543095,11.93065883,id158,7.37892981,9.841207599,4.951447815,7.152909783,6.551625067,9.565586657,4.891672663,17.87042495,16.63987653
,id159,8.906133548,12.40248138,12.8952935,15.50906654,17.76373874,1.41908261,16.34580607,13.24278999,10.20061123,id159,8.954581421,11.82563345,13.20719904,12.94027858,14.81421313,1.129449637,14.21056308,12.1867124,10.53574219,id159,7.758710801,14.30725272,16.58315194,15.42416768,21.64974072,1.314528118,12.84562428,16.05860601,12.71114076
,id16,14.22307579,18.31864664,5.30655818,0.8801375193,0.8396799249,1.370882314,5.396370341,14.56318618,5.098503849,id16,8.60239945,13.92679512,3.619029716,0.9164264752,0.9339493426,2.09305036,7.200640555,10.49867619,3.476186631,id16,9.343280019,13.75882361,4.445053177,0.96421659,1.33037553,2.866656987,7.654885918,11.70914337,3.369604281
,id160,11.82188977,14.83643888,13.81273148,11.15803231,3.110371099,10.68385755,7.609198681,6.298166519,16.12062325,id160,7.882662313,14.51352526,10.97430406,13.78835432,2.980753079,11.18686247,7.482791887,8.081613061,16.13914913,id160,13.18038968,20.73296237,19.60496248,15.84917868,2.585633988,11.94886542,9.403693751,9.270690282,39.09459048
,id161,12.92571653,9.679552781,12.134448,17.52112688,14.40654233,16.47385016,13.06058501,8.442185078,18.72255459,id161,9.929110753,8.099485462,12.65302972,14.64825566,10.44751556,11.99977687,10.16186803,6.747531048,15.21281029,id161,10.14891088,11.54078107,14.9609629,15.87473798,15.27869411,16.13517289,16.73056796,8.656381554,17.84042038
,id162,14.41643241,8.336346859,8.89094324,17.56577677,6.403499922,9.91136104,14.92699497,8.011385006,6.217107908,id162,13.52293897,7.558961025,8.262521466,18.11539502,5.53099267,12.11760254,22.87016717,5.100678217,4.413157619,id162,15.60980382,11.13643679,10.72652234,23.23355283,4.342203567,14.08421964,22.928106,9.416018627,10.40551952
,id163,13.7824829,15.97103844,10.68665398,10.4978912,10.14171748,9.858710434,10.17920003,12.37140846,9.894176166,id163,14.14225477,12.74703989,9.654787716,11.08502013,10.38846381,13.7170794,13.08486117,12.94628154,14.91380382,id163,19.91884769,20.24353317,13.83308829,13.43533332,14.28578197,18.82799413,19.90482571,14.76721259,14.7719453
,id164,7.417160079,6.252131331,11.04146129,11.50443484,14.58271787,9.89733432,9.373916144,16.78889366,12.91837871,id164,4.744376981,5.043478702,10.80338515,10.68943301,10.59877598,9.212376499,8.368713914,15.07120179,13.28882316,id164,5.094974273,4.284613022,11.23297667,9.957162602,9.245375916,10.34057512,8.894114245,13.37617328,12.50816707
,id165,18.60997671,23.03439254,4.623763987,11.04233457,12.28551577,10.81733356,3.823812095,16.0075345,16.87435464,id165,18.89997136,13.64696269,4.160533683,8.023384973,10.33669676,9.992234562,4.616050012,11.51890602,12.75125568,id165,19.68270515,21.485793,9.437572099,11.37197128,15.97027581,16.5575112,4.495276031,28.84257168,30.02744176
,id166,14.73182882,2.807667241,8.203337071,3.645776661,19.07501938,1.050292336,0.5791960635,1.626776771,5.395747141,id166,11.93854544,3.553520411,6.912693309,2.859436689,13.17806863,1.552765648,0.9620145249,3.222114473,2.673011083,id166,13.64012679,3.63248492,9.757373202,4.07016544,18.54089388,2.250077506,1.380586505,4.634443807,5.478154105
,id167,17.74268137,11.98297848,16.48413896,13.15214292,12.80400723,19.72475185,14.75949541,8.090447843,6.189029128,id167,12.89724024,9.067592187,10.83120288,12.00591658,8.498314917,13.24508687,11.7191963,6.777080136,4.042468754,id167,16.45964034,7.244773283,10.64589819,16.15621254,12.60742704,12.88813903,11.74441065,8.090273806,11.13028674
,id168,19.38267434,22.60866149,15.19307752,20.36158183,18.93104399,24.82892745,12.99622238,15.62800748,19.27675972,id168,12.81509407,14.6319144,14.16025495,13.54679703,13.23406773,16.29944452,12.59682752,19.93826844,14.58582095,id168,14.00822458,22.89851343,20.68560615,21.33789031,25.23520526,28.05473294,23.37733198,28.81393415,22.06802341
,id169,17.99359584,5.570589274,5.330816594,5.917408576,6.091843391,2.612762044,7.962367305,1.219712228,7.813560131,id169,14.88382381,4.721481418,2.905460509,3.990973035,5.363275425,2.220347247,4.590992961,3.786700046,8.88753772,id169,19.97718804,4.838153041,4.445608322,8.070847943,7.156220672,5.296731932,11.89246536,3.981431715,9.806916132
,id17,16.57320995,9.03845904,8.386717149,0.06506868045,1.403168934,2.121034129,6.453389233,5.658184568,0.2186335455,id17,7.862435737,5.871061185,4.755611141,0.06704306666,0.9416167635,0.8570793432,2.632160044,5.755763506,0.1574643499,id17,13.76198716,4.288695082,4.861466269,0.06925903285,1.311807174,1.109411978,2.830198249,4.936187463,0.09251328327
,id170,0.637542348,8.578294109,14.9882917,2.154488463,15.63819594,7.637716579,15.50388142,21.76173415,16.34965938,id170,1.116631035,8.198679407,19.95469787,2.515148212,17.33652566,9.520172158,16.33640766,26.62069151,19.42553734,id170,1.280348248,12.78351849,18.87302267,5.556610163,16.15903316,10.52666947,21.70799632,34.33625828,28.75942713
,id18,17.7055828,9.883421289,3.740715886,0.0007610546038,14.67477247,14.10755754,13.9922324,2.857033517,13.41127679,id18,13.72977302,11.0517941,6.266807129,0.0007118464347,10.03588574,13.44757146,14.45857863,2.538244058,13.26784559,id18,20.06739898,10.47411838,6.087323396,0.001650300493,16.56485018,16.44003899,13.04798806,5.711359919,13.50848148
,id19,9.569979385,12.98682472,9.442022895,9.05992541,13.90895268,14.71579954,12.98387644,7.89871623,14.70261876,id19,2.78086419,7.090053498,6.813027088,7.933435708,11.64754719,10.81249057,12.46695176,6.648114779,10.6238758,id19,10.54593217,8.635395695,9.041381611,9.079538487,12.56017948,7.878329635,8.860673753,8.65338057,9.158373786
,id2,21.19762514,18.45412807,18.09646036,13.97491374,13.98324501,1.64503121,12.61533093,13.36741152,16.02153024,id2,12.63033647,14.01846348,13.68211006,11.01541456,10.47858276,1.638692824,10.29707803,11.56891489,12.73869752,id2,13.80592879,11.61454416,12.70770196,9.609359477,9.878575417,1.898285823,12.7748592,10.35565593,12.00780652
,id20,20.18558387,23.37770458,14.61176293,15.26369004,21.05154499,7.637530036,9.699953817,10.21212026,17.14221277,id20,17.38108741,20.45427206,10.80626741,13.30007019,13.69598402,8.052354019,13.33889043,5.690064343,17.90992798,id20,17.87373947,20.03597666,14.0264109,19.46420972,17.13972135,7.72885078,12.38408023,7.09461545,19.38214873
,id21,17.86562458,27.57467594,22.86700111,26.74744187,17.48034374,16.26283062,2.502499512,15.90146316,19.6718361,id21,18.96008241,24.31033735,17.98461761,19.40188704,14.8751632,15.12217539,2.225642987,11.78195121,16.06825622,id21,19.68729463,22.62628169,19.88586029,25.86193353,16.62100956,14.15907652,2.279318801,15.90810136,18.80828995
,id22,8.747317341,0.7138674341,0.04169492036,0.6820940153,1.125909134,9.285789607,4.58442771,3.936390749,0.9372793714,id22,4.153668392,0.36266854,0.02762690276,0.2965903568,0.7911763948,6.766305467,3.49119353,1.586547957,0.5412025908,id22,7.472119905,0.6017760533,0.02802440664,0.6069326847,1.22192947,6.8574369,5.892425145,2.500060187,0.7836998314
,id23,6.111209365,3.549034387,1.370071075,24.10286754,8.9482416,5.979358395,3.545910306,11.53431652,12.29982996,id23,6.980105207,1.921629463,1.16179467,14.34911876,6.398751387,3.951866379,1.061696255,8.139699679,7.380401046,id23,7.854781037,2.403708076,1.551254139,22.28256746,9.87075121,5.130276526,0.6880839347,10.32308917,9.495499817
,id24,10.04673608,0.0001135769549,13.01648773,14.81111678,1.023632418,0.0001898856413,10.35506981,16.67497413,7.920678047,id24,18.33421084,0.0001078091768,12.08789368,19.96260958,0.7334993621,0.0002522032128,15.64816391,13.81834392,8.811594725,id24,6.37607969,0.0009445952077,13.55788668,21.68986847,1.487558656,0.0001913859573,13.76049384,17.22005525,9.346187557
,id25,5.569113229,13.27417265,0,0.00003189057503,0.2002782471,0.0002814950557,0.00003053409568,1.911586165,0.03737901579,id25,6.105587783,17.02994694,0,0.0001256013744,0.08800802068,0.0005905930463,0.00004806735124,2.984128323,0.03370202694,id25,8.179860856,10.95133438,0,0.0003586017228,0.09510529314,0.0007611562976,0.00006422251678,3.721613801,0.03300967184
,id26,13.22010584,0.8008181864,9.575435452,12.64808556,0.6626321636,0.00008236058336,3.438247914,13.1186322,9.630838625,id26,11.40737204,0.519241579,6.82882683,11.85288346,0.8562672636,0.0002306533131,2.807184034,12.34132842,9.887142028,id26,9.719127241,0.5190014934,8.535299689,12.05579369,0.9256877882,0.000494983756,3.087071073,12.76287164,11.58759347
,id27,17.4773867,6.053964749,13.2318146,12.85287751,12.36677551,11.50505674,14.77548154,14.25189585,17.23895913,id27,15.90139118,4.060984744,13.57058248,10.39801163,11.85120927,7.619544297,8.473195363,16.32394911,12.72904988,id27,16.67597937,9.209069379,14.41211498,11.57325176,14.01306371,8.717388981,17.95928261,15.78761976,13.5735892
,id28,0.00001007693295,6.007083558,7.829544409,3.669733102,10.06100679,9.378822476,8.157041384,2.116259653,11.88692207,id28,0.00002737446559,4.370297828,4.548751511,2.54999783,8.210686955,5.673638181,5.213686396,1.97644474,6.293376024,id28,0.00006335449318,5.890853791,5.883225468,2.678390711,9.469143092,5.702616643,4.394564449,1.677471684,5.294861594
,id29,2.585242859,7.617697234,16.4695734,12.91010603,13.02108703,1.976079553,8.649267282,7.290655768,4.163423654,id29,1.886745324,6.111532866,16.04539394,9.571514503,8.423171971,1.098650786,7.720125357,4.697379056,3.107930544,id29,1.142190551,5.75111244,11.67915877,13.75249342,7.741748152,0.9795061053,9.355567801,8.440900797,4.484379665
,id3,15.22256922,20.59282729,0.9261061403,2.41529378,2.355921153,14.40340666,18.7326656,9.861860795,9.624485185,id3,11.56070859,16.0730257,0.635807124,2.489655019,3.288266391,10.67616599,14.95622181,10.29067016,6.464255455,id3,12.91515683,15.62861921,1.444936488,2.3407014,4.251736547,12.03442256,17.0225504,10.83113144,7.881462709
,id30,26.07624409,10.22060922,14.09520438,7.244606399,13.53219321,1.035669253,13.6020799,14.06832818,29.43125114,id30,12.44888845,6.875680837,10.5231829,3.91833793,11.21418721,0.7132787182,7.514977563,7.188253514,14.59315816,id30,20.93597052,7.489886706,10.56805625,4.560096716,12.78581692,0.8406011936,10.12245051,15.96798061,18.91732541
,id31,7.27663304,8.884790467,16.73228691,7.916189005,5.813080025,7.255174454,18.68285002,10.84744,7.731663851,id31,3.590398122,7.174741286,9.248410431,6.21520493,4.394145926,4.977463199,4.737525017,8.726782724,4.037810889,id31,5.450160444,7.917601978,9.340129304,7.15844245,4.258614228,5.834756852,8.509103548,9.235646801,3.530962292
,id32,3.032325181,9.552051134,11.30773271,8.228961224,2.375860785,6.22671047,8.857532758,10.74843913,20.18049826,id32,2.014921128,6.303419298,11.05299448,7.473464081,4.784888936,6.052178822,6.614222727,7.668242042,7.825476645,id32,1.653625911,10.1465387,9.252095403,5.559542176,5.611059829,7.915435946,3.689489927,8.102002114,14.1539174
,id33,22.95669924,4.250902904,11.17248825,24.47883265,21.62256927,9.607938311,0.06170923668,4.542176261,14.02453874,id33,11.59759772,3.066202616,8.350322187,16.66366389,15.27507644,8.815733734,0.03375396348,2.772550321,8.801627022,id33,13.62594921,2.281153413,11.61781969,16.13827144,21.01764445,10.93329091,0.04391022691,3.19292172,11.81585186
,id34,10.79853984,10.00635837,5.330584602,3.041725215,14.67548592,2.158854093,0.4685847862,5.572080802,4.729018976,id34,8.206444798,3.42772843,3.859311453,1.206234897,7.62921153,1.59221357,0.1188501426,2.21508557,0.9060421607,id34,10.41724391,5.327397285,5.463913035,1.667078376,8.220110166,2.181729604,0.2282769565,2.617470994,1.475733508
,id35,8.728206386,13.48946887,6.804862243,17.4053032,11.73746935,14.19493796,9.673899016,8.755216526,12.76668815,id35,3.074350938,8.888432234,5.178143763,9.952739684,8.121084214,7.738152708,4.840465653,4.45037321,7.085853929,id35,4.219838041,12.65397416,5.458176768,10.02139486,10.30636112,8.738821858,3.907074182,4.670856819,7.3073982
,id36,0.6460834141,5.932194578,5.895242836,9.766174802,15.86806671,3.573074639,4.989213421,16.32078528,20.16204152,id36,0.1349772098,2.903650002,3.713193869,6.940118289,13.92896899,2.13969897,1.749664672,7.943101354,11.16034234,id36,0.1698568781,3.449448963,4.141909757,6.321462068,15.29182536,4.687192736,1.559869304,16.15116316,12.27986794
,id37,15.4588065,11.01481087,14.94951315,17.3815614,1.165427209,3.787806321,3.860867403,21.03516056,13.13620621,id37,8.647818674,9.931258908,14.13758961,7.400255686,0.5168349124,5.258357812,2.810661133,11.26040952,7.468340531,id37,8.064691695,11.54826786,16.13301581,10.43559769,0.5772682516,5.514798365,6.945065768,18.26301247,9.856270107
,id38,1.707818179,2.133983048,1.81579489,2.236256469,3.412965957,3.080098365,1.906243042,0.0003001671854,5.280170123,id38,1.546221573,2.267462063,1.625786661,2.047092019,4.045959055,1.675950718,0.7078261656,0.000507040699,4.011999206,id38,3.055696633,3.979508458,2.087950805,2.052862614,6.343253664,2.77774365,0.6809751357,0.00113878945,6.746742866
,id39,18.17155294,0.4566587429,0,16.82442689,7.703776471,8.854743681,20.35830336,11.19685281,10.90334883,id39,8.148753842,0.2618015228,0,15.96361875,7.700928239,4.339568712,23.17176524,10.73598974,8.003335326,id39,7.556457927,0.2494699334,0,20.57419286,15.0907,5.5891515,16.30013891,12.84505355,9.469839138
,id4,16.70842334,18.55630988,5.958618467,11.29898153,4.385088156,15.85141603,3.042382285,16.16671452,6.999097425,id4,13.73396633,11.83043475,4.42089582,8.786469556,3.50926919,17.29759815,2.219825525,14.21790941,7.033654578,id4,12.21618229,13.64173793,4.999265107,9.459746112,2.831154646,13.4385934,3.091070589,15.928484,9.929488843
,id40,3.132398506,11.70265621,0.3379775678,5.79161171,7.912711598,0.9025962901,7.156733246,12.74589095,4.001318168,id40,0.716918925,7.470927935,0.3574224502,5.221143542,6.930435034,0.7258804575,3.419362961,5.339829612,3.183325516,id40,1.354778007,7.94392852,0.1320658239,3.581265731,8.571527757,0.696091846,4.05510988,4.211201434,3.074572976
,id41,3.784466835,2.018806599,2.596056016,3.22557221,2.055490301,8.289259871,5.144137344,3.225566346,5.103662935,id41,4.148710738,1.663540914,1.850356069,1.418572839,1.5558366,5.485381769,3.118087044,3.169126228,5.227305291,id41,4.021491215,1.576302067,3.152883136,2.176428652,2.158710082,5.653119466,4.821854298,3.941639778,7.697960983
,id42,3.060829544,0.0003522851349,10.3077155,5.187940665,0.1501718264,9.128345331,12.59610474,6.707523049,5.31671164,id42,4.94307908,0.000628490402,10.72893325,5.385319127,0.1348872757,10.48488415,10.96867557,5.23616172,5.716278766,id42,7.328411133,0.001379349332,10.60568803,10.82081444,0.1003077734,10.50030008,9.399464323,5.672928519,5.811540437
,id43,8.492762969,16.31452964,3.732084793,0.5046820882,13.15197937,6.236156587,1.606958895,13.80041899,12.52962397,id43,7.748510368,16.11267266,5.909690922,0.6123489169,5.504952702,4.1024368,1.329966405,9.346544343,13.71964342,id43,10.44902571,20.9258765,10.13651411,0.7080969107,7.539479226,6.248473668,2.029904913,11.44466079,19.02793178
,id44,0.4168754204,1.237386131,0.02355216202,2.095927548,3.442635992,1.645007281,1.830483096,7.401364528,12.75249915,id44,0.2320910132,0.6488610575,0.02253043628,0.5597267039,1.02544484,2.719242925,2.331395518,5.345911626,9.400744408,id44,0.1826676351,0.9388136765,0.02266577755,1.084320004,1.438608334,3.443809813,3.521549975,10.64009735,23.35073548
,id45,2.131951239,12.00548099,9.342452376,3.909970186,9.279405439,10.26009877,17.64674341,6.19309864,16.2045346,id45,3.570499623,10.41421374,6.472353856,3.244145037,6.427932325,10.52878538,16.34062787,6.581566939,12.06163601,id45,3.101305296,20.9698031,7.590214548,2.625109469,12.18095307,14.98713413,17.4483928,8.803241803,13.69796085
,id46,17.03690018,8.557218825,12.45909152,15.55173764,9.137199362,0.00001804247949,0.00213629391,8.545196275,12.50144424,id46,9.646557644,6.46906218,11.11242529,15.69840415,12.82758921,0.00003227324717,0.001099885437,5.884185425,8.294713144,id46,17.41166487,13.86055256,11.90641117,10.21765798,15.31715925,0.00006255888766,0.002676541026,5.43839678,9.879409562
,id47,10.23206565,10.20034496,9.249023089,12.17134745,9.86357332,11.61898796,11.24256301,10.44398426,9.783565158,id47,6.737710333,6.29065389,5.591832632,6.819812708,6.24530235,7.801360643,6.983489337,9.522021355,7.089774248,id47,6.700187222,5.480694462,6.411615106,7.164668349,7.746594715,8.08071248,7.001778936,9.580136491,8.173884607
,id48,1.627563386,10.84378682,8.220718068,11.40473515,11.39459065,15.12265036,10.21840112,10.17902462,12.21400918,id48,0.8486393696,7.321577232,5.675567402,8.677700025,7.572007112,8.830593087,7.00628949,6.216165717,8.432019727,id48,1.206731487,7.073581262,7.713677984,8.573210352,8.085597676,8.763580839,6.227424688,6.358296556,9.327255861
,id49,14.04721784,11.28374041,15.32697939,8.19507013,6.063935913,7.483949536,6.092936974,4.497105414,19.54578287,id49,11.18945852,9.633014565,9.532830101,4.950587039,5.250313113,6.719620372,4.237267556,3.713429334,15.61361724,id49,14.30446402,8.904112343,11.25037999,6.046202017,8.368085055,9.669748818,6.840815799,3.718471926,16.55691332
,id5,13.85035834,8.501076517,14.00533117,7.364757813,0.2532327627,10.43294106,18.53375439,22.28842227,14.94696178,id5,14.28181111,7.426699771,11.73833911,10.79110505,0.279685792,9.109106692,15.24297534,11.88184401,12.80807483,id5,15.87893576,11.87313462,12.71559249,7.497450502,0.5970883047,11.73648328,17.13099421,27.23682249,18.93895385
,id50,12.52584976,9.17220455,13.81662069,14.10347674,2.35998963,2.183755035,14.39753744,17.6202745,13.5595267,id50,10.67145948,10.56338989,12.09675212,15.02959824,2.059732588,1.490894165,9.45644285,16.06020272,10.18590792,id50,14.50933551,8.593873846,15.42208545,13.55653753,2.144056805,1.87607134,10.67096212,14.64619546,14.03041162
,id51,6.018247419,9.746007193,13.61593309,12.62840766,4.013041561,8.809612573,6.97779841,6.872087781,18.03307703,id51,4.76013058,6.809172737,8.987459891,7.251866141,4.039400961,6.989282939,6.432836766,6.305974927,13.25075262,id51,5.333773288,8.226807722,11.76103563,11.59664186,4.297103462,8.681404341,7.066279856,7.746023485,15.61317128
,id52,0.9255887395,28.55434921,13.77203899,5.687150298,17.60098388,5.881264003,4.052713884,13.99640385,17.33904106,id52,0.7994565727,17.22666582,7.734554715,6.40370594,15.84116208,3.532207524,1.771754544,10.56471129,13.14952394,id52,0.9088348946,17.74391948,9.889835043,8.205983363,11.65872363,4.628025657,2.567500047,8.41725017,8.97247917
,id53,14.15534446,0.8495346407,9.335794958,9.165253322,2.134142357,0.000001955957018,7.561679275,0.0000729941922,4.084424553,id53,10.48023289,1.580073417,9.509302473,8.039834429,0.8332078659,0.000004416253058,5.605667653,0.00006093139934,1.100532733,id53,12.77787611,1.860775956,8.774209535,9.38341866,1.390093914,0.000009598632436,8.468758569,0.0001115908998,1.374463245
,id54,4.970364559,16.75175868,5.835911443,19.37873572,9.804288306,12.24269246,15.57420202,13.92279925,12.20653219,id54,4.987689883,16.25965373,6.675542918,18.43917294,6.491324763,8.714382834,13.45203485,12.69974352,11.38952006,id54,6.696594765,17.53219205,10.11340643,23.54847794,7.296757046,16.01728181,17.84372412,18.16610473,19.07886208
,id55,5.535589127,3.094246211,16.7893818,11.32033497,3.318129889,19.60598217,17.31599885,14.50204292,17.08721238,id55,4.840310502,3.180586598,13.95446798,9.690246821,2.683586698,14.91040421,14.30311392,15.12879674,16.40710642,id55,5.861127045,4.261932695,31.09673523,12.08281542,2.625067284,20.71292359,20.80671022,20.98589929,26.18124148
,id56,9.147996413,2.169624971,1.715699333,0.234319946,1.171498323,11.53075475,17.54473111,17.99420954,2.164448591,id56,6.185390343,1.825232573,1.655746673,0.2181926873,1.792302374,8.091879646,9.58637096,15.26594484,1.344496318,id56,8.003591478,3.267540136,2.103786851,0.2942193635,2.70551743,12.9309838,13.65368096,28.00050918,2.367068472
,id57,4.762798889,6.389991632,9.749048761,12.77645043,13.953085,13.26670448,2.900672586,14.89326568,14.82022341,id57,4.717127519,4.320092731,9.04289344,9.406013701,10.73655874,8.644993942,2.560258385,12.33315278,12.62221723,id57,7.879610435,6.465480867,9.943018203,19.10070474,15.93029602,17.14504459,2.656689909,17.16151688,16.76052068
,id58,15.42510147,9.290496711,8.031977547,9.923539576,12.38173621,3.635288086,3.332843104,6.052789703,6.81816977,id58,16.7737975,11.68454655,8.911522373,9.352737068,12.56659907,3.963767695,4.078438905,4.702872495,6.284936799,id58,22.83179637,9.303533593,11.33900449,9.848004908,20.82274497,4.645711452,6.513015332,7.531688655,10.89881758
,id59,13.66097245,11.03353877,17.83675425,6.629809909,17.7927105,4.824280653,7.052627168,1.713319773,13.67420893,id59,11.92734083,10.96134062,14.98505932,5.919153897,17.54828883,4.160650846,6.772375219,1.667294106,11.53567073,id59,12.17051435,14.23060065,23.11199618,13.54821807,17.59172452,6.09572895,10.48017736,1.76308777,15.26499794
,id6,1.607201913,4.229016132,3.886324783,13.6491709,9.001061408,12.75435033,20.02825715,7.403031029,14.63954422,id6,1.140136795,4.479786682,2.081592235,7.5510702,8.483467755,10.87665446,14.15561015,5.305814727,10.69836354,id6,1.464275627,4.867603478,3.004405135,13.63559641,8.02818496,10.81288622,30.29202797,7.026224844,10.00947277
,id60,7.827693457,1.181701162,12.42910406,6.954235865,10.3580977,12.47281089,14.46159872,8.707517999,11.57895124,id60,6.141453996,2.562257415,10.82036779,7.164150235,10.07339373,10.75562842,9.329685333,5.938706069,9.331613733,id60,6.789996227,2.608633082,10.06430419,8.765262469,13.02397102,12.46753352,15.93492083,9.461545482,19.86665669
,id61,21.27190598,22.72197202,15.00932042,18.31983515,18.02720112,18.60911972,15.56459131,19.67913677,20.23195795,id61,15.12427751,16.72504626,14.73611302,18.70273722,16.72849957,18.30841944,17.93797316,17.8167125,18.96288708,id61,13.95779908,18.53401676,21.47487367,19.13105606,15.06871632,16.58438251,16.7956002,22.78792995,22.01344509
,id62,13.37798623,11.18998645,14.94474795,0.4777225238,7.8756229,11.17936826,17.73374476,10.66358162,13.96221064,id62,12.92742689,9.461667751,13.03213845,0.4407218148,9.357833074,8.768295802,12.69147515,9.311432754,10.8243535,id62,17.42530754,12.34409864,16.37428772,0.4789953335,10.41277803,17.72008993,21.54778458,12.07272532,13.63484729
,id63,11.36803145,5.283592109,4.2225067,3.18443255,13.14935678,11.80786164,2.122177765,19.33182307,2.253766214,id63,10.9928916,5.091131972,5.214132252,4.756161064,13.96735321,10.28663545,3.89915668,16.76046659,2.487626748,id63,14.13542821,7.475558717,5.467106578,3.733187324,15.82882324,17.15024497,4.327663007,23.31913239,3.915575826
,id64,22.09030886,14.37166888,4.074120852,5.003219706,17.99418415,11.9187607,9.302969098,18.66804987,17.86068643,id64,11.30790456,9.150749165,2.545068771,4.367278638,8.120878552,12.31001379,9.613105231,9.071959009,9.803421263,id64,29.77200357,22.63358036,3.163897644,5.136240105,52.09075121,25.94307843,23.70896989,11.90213023,23.22353054
,id65,14.29112985,5.936984407,5.581383547,10.01461791,18.44441058,2.362337834,0.00005815200945,10.00954234,12.93223697,id65,19.41155784,4.985376449,5.069898272,7.593514347,18.98216727,2.201880404,0.0006313790348,11.73346783,11.16260794,id65,37.49844892,9.179527174,7.64225359,17.96682891,25.97713332,2.167851072,0.001407898312,13.69813087,21.2396273
,id66,12.03440622,13.25217429,12.66561209,18.1218018,18.37850228,21.01553686,14.09726635,6.861696493,17.57768911,id66,7.190399129,9.688352731,8.971035243,19.71588344,11.77278988,10.0591808,5.830365545,4.844810534,11.06051089,id66,15.63998723,30.93380024,28.43339989,22.5766129,29.82332763,54.72230817,32.95567217,15.81215686,29.62573204
,id67,5.627513051,0.3231711967,0.6159973147,0.4464570984,0.2455226213,3.103151132,0.03336503759,1.415585738,13.5440232,id67,2.670720983,0.1768301875,0.5333910109,0.3315252349,0.1572042572,1.762560264,0.03583004433,0.8278950824,11.01871473,id67,4.317749074,0.3920767621,0.7160899354,0.4662303965,0.1271881481,3.14399892,0.02429931106,1.168797008,13.7050036
,id68,18.11044769,8.183899398,4.768656898,9.055641535,8.04846378,7.148753464,8.37901088,12.28581668,9.253246764,id68,23.20473295,4.888774317,4.509342634,6.808660121,8.757107797,8.50545424,14.03761413,16.3575881,5.92779352,id68,19.80399708,9.991225253,4.049099703,6.689977629,9.820686634,15.89198691,19.40149537,16.55352367,6.853420182
,id69,19.43927718,12.5831518,7.923909052,9.79190211,16.02845166,8.632639233,13.34120413,14.74318553,16.73450622,id69,13.77456833,12.53854508,4.839034541,8.673986627,15.39585403,8.941348082,11.53559043,11.80946648,15.36842611,id69,16.49514591,12.2279604,8.549252928,5.609241529,16.52802288,8.075457797,13.74874626,15.51304311,20.56684915
,id7,9.564812526,12.69719599,10.69201364,9.107791949,16.75244018,20.35783127,6.610069932,18.61309569,9.908291561,id7,6.907692715,8.301583902,8.222238301,6.473259123,18.16251015,14.68514453,6.313592211,10.45126012,7.900707966,id7,8.725763402,8.969109983,8.893235887,6.111352963,17.8059771,22.69706519,7.041754561,16.81284664,10.7369522
,id70,21.17456942,12.74021968,12.47590355,15.21278398,13.53605192,14.35029706,13.47450289,15.58313174,12.18357058,id70,14.73313245,9.485130787,11.93989866,9.603171479,14.02281639,9.947894594,7.062850404,9.264365943,11.70136725,id70,36.98136203,17.91979003,13.56331941,18.86657085,14.56359399,14.30665909,13.94925487,18.53480711,15.97166729
,id71,9.840352432,0,0.0003503313508,4.793417311,0.0002920061377,0.0004284252775,4.102610478,0,1.796203336,id71,5.482788668,0,0.0004831883623,3.560105612,0.0005207420072,0.0007444300679,3.419730292,0,1.014489389,id71,6.9375271,0,0.001109221833,3.210349578,0.001047131732,0.001390339854,6.372014076,0,1.17468945
,id72,6.309034542,8.678163853,10.34121115,3.732899588,17.71063459,6.793244817,7.198696614,20.85772558,16.33394511,id72,2.479968649,9.632051868,9.800102418,0.7658812958,12.31733815,5.811841628,7.330271297,14.55264537,13.02941715,id72,8.227248938,10.67019024,10.65535892,1.275097148,15.83527405,8.526795811,8.732860112,21.84492007,16.83072454
,id73,11.19393403,12.22421047,16.00892242,13.46623041,15.58852156,17.69461635,12.26500611,21.70237109,17.17714676,id73,6.339528126,8.542125948,14.04586155,13.6117308,12.91621111,12.69555421,8.969037274,14.45508791,11.60532438,id73,7.436490132,11.4497548,18.93597902,18.6074769,18.93061429,15.66999061,9.929969092,16.73575098,17.85973578
,id74,18.5024816,9.275883069,13.2137101,15.1895085,20.28723618,18.99891684,15.59320424,7.625649207,20.46654124,id74,18.06848647,6.724392423,12.18269429,9.536512478,13.61389862,13.7587815,16.61433593,5.382049489,17.34101816,id74,21.88606842,8.496372405,16.62025376,15.15990103,22.23584629,19.85915554,21.62379567,4.692322439,24.99791642
,id75,4.316290659,10.4773381,5.761650018,9.928003136,7.910563258,1.984340289,14.5002829,18.17215974,14.71943699,id75,4.695789924,12.33132408,5.847883388,8.040353625,4.846043097,2.252208849,13.75278175,15.27791493,10.17780496,id75,7.119337705,19.00158943,10.78627494,12.72242256,11.32184291,4.326938751,28.39025732,17.05706227,16.22747726
,id76,10.36450495,15.79748922,2.392306359,0.4951179906,5.9189058,16.29802787,6.940002914,1.046206668,7.87280487,id76,10.16395701,16.73112126,1.057116636,0.3040745073,4.608267753,15.85587343,7.303358765,3.611457424,9.103766743,id76,11.51443785,17.99564232,0.6959046799,0.3818365052,9.1570979,18.90454199,5.333873725,4.234870242,13.25738042
,id77,14.78800608,22.2378298,16.06718427,12.64018335,7.580858848,7.830361119,11.85391159,4.688941188,6.051387385,id77,13.44814711,16.46478154,16.76681814,10.84946585,5.700390433,7.644443729,10.23007795,5.372918407,6.650152622,id77,22.30461184,19.05822861,18.39525528,14.60914938,9.981365719,10.42689326,19.4168236,6.522680139,8.213119902
,id78,12.77824239,8.043148465,8.864611871,12.94893046,0.0005646621666,9.946128791,0.2858829213,15.38380492,5.811836736,id78,16.42155477,8.625083453,5.715596863,13.15226491,0.0005482419547,13.2093132,0.2004637932,12.64499527,4.647678464,id78,25.77588487,9.178804283,12.45407691,29.53630283,0.001635089751,18.88948212,0.2630152361,13.66702134,4.692934836
,id79,12.70836135,9.059966027,15.90152762,4.351467271,20.9116057,5.689404462,3.497996919,8.679673204,1.278577199,id79,14.50051247,7.02112902,15.86727505,10.14962047,16.4607108,3.802800311,2.371765428,10.53972769,1.386486536,id79,19.7499258,7.744568752,27.55582058,16.46322254,24.08839072,3.935520697,1.731117119,11.51244646,1.889688669
,id8,17.51078311,2.511713599,,1.754241497,20.50277948,18.27182287,27.29174607,15.90180602,12.46700222,id8,13.41128128,2.325621872,,1.695815171,9.988117887,13.02492093,13.57345472,8.735200782,10.2460429,id8,19.11633393,2.762083672,,1.745642892,18.30544562,22.83877946,16.11876054,10.57424233,10.0509191
,id80,0.0008053310494,1.528720764,3.161871016,2.283659171,0.0002439533438,8.377612635,1.235256805,2.562679101,5.288783914,id80,0.002206200367,1.865885615,4.131027057,0.9826062512,0.0007861125854,9.900253593,2.019877395,3.947451665,6.228120354,id80,0.003807847626,2.535358052,4.883853804,2.305226439,0.002050854279,8.679710663,2.895659714,3.193207835,9.173880269
,id81,4.047902375,0.02959840541,3.655020825,9.793662244,8.683530766,2.61069064,1.054618792,6.65141281,1.814930799,id81,5.310542418,0.02692427608,2.050253661,7.897148978,11.11887208,2.774387719,1.513587772,9.486478604,1.666816482,id81,7.064826236,0.02733934495,2.326606697,8.267082805,9.369908685,2.616931295,2.234214061,9.116732724,2.27452979
,id82,20.56309761,21.05666971,12.35802857,7.530304798,21.52438236,17.97107073,13.80419407,11.59506333,3.135245048,id82,13.6538634,14.27902554,8.664122057,9.094090423,16.62151707,14.33493407,11.77691647,10.8366808,3.027055361,id82,22.71289588,35.39918507,26.02411805,5.599897466,37.87487407,19.34247033,21.83066012,15.6793415,4.908247255
,id83,12.34761633,4.315939685,4.843321912,12.85510348,12.40120927,2.252898132,16.6442849,8.077606255,11.2370593,id83,7.036672545,3.939355034,3.642930254,10.38180659,11.09441798,1.457070588,13.94281512,6.570175947,11.41474364,id83,9.49077156,3.57107318,4.357827533,14.51863409,15.44018801,1.999986356,19.50066594,7.228247434,14.8313225
,id84,13.86672165,5.256994843,16.85882491,17.53796174,7.35717949,6.76284721,10.12267251,9.414046602,5.722296114,id84,12.33306977,4.140417933,14.49864192,14.93402526,5.13978727,6.335351188,9.171984611,9.605066509,5.017410738,id84,13.15198537,5.200710051,11.94899796,15.06406207,7.404724113,7.989830037,11.2633685,11.84694581,6.723626305
,id85,8.844204866,3.380783695,7.517033262,0.924163136,2.596349084,4.302160558,8.83476371,1.609074309,2.865279017,id85,10.31074094,3.993732973,7.7401927,1.401682197,1.999466158,4.095245034,5.377821589,1.449525225,2.213103917,id85,9.555951676,5.421807889,7.085734619,1.550646807,3.245427364,4.96901282,7.339514247,2.263689016,2.883469998
,id86,2.850493736,20.86990417,15.84582884,12.87347076,6.623373861,14.96395735,17.66790077,6.477064552,14.4584925,id86,2.174686895,15.85311578,12.41859845,10.40099306,7.183127536,13.68103256,11.51721066,6.176853238,11.03119595,id86,2.554249819,24.78232659,15.4654682,17.19645705,11.21800493,14.57389101,21.76087045,10.03471856,18.60345394
,id87,4.844210972,12.78127623,11.46654838,15.38370674,14.70106014,14.18004677,13.64897944,17.81495815,15.04693373,id87,3.608148223,10.87821353,10.49416798,13.89212632,11.73105349,10.23826061,11.34769457,15.43246051,11.82450114,id87,5.141418935,10.40205226,18.12505028,26.39564524,28.79610862,21.1885911,14.55522863,22.1429534,17.52285094
,id88,14.92675741,14.34563324,21.0670013,6.45430501,8.288773514,18.54431865,6.727538832,20.35077477,15.5942508,id88,15.32433038,17.92413673,18.66902499,8.533544368,8.188851648,15.63624969,7.708277928,16.22756419,15.27010839,id88,19.08385631,23.70293672,24.39977934,10.41246014,10.52658421,23.28744285,7.05491005,25.00063408,19.79305775
,id89,4.179379978,10.07889003,4.097221648,0.00003746947429,0.0002886226892,1.987176291,8.729247051,1.491377569,8.862159407,id89,3.766324783,5.406218941,1.608429462,0.0003254548961,0.001118830783,2.999762602,5.139301902,0.956061461,5.57922375,id89,5.809252606,6.13408007,0.7669589872,0.0006915750581,0.002576274629,4.205657785,6.766361942,1.216492721,7.33605595
,id9,18.05540072,21.50766163,9.705014842,21.20397167,3.851026696,6.659577245,1.828923299,16.04862864,9.196245055,id9,7.145074892,15.04258266,6.794647631,19.91262595,1.996401508,6.249116247,1.424126955,10.9610046,8.189061584,id9,10.27425596,19.12306743,9.389037247,21.07086327,2.641003541,6.951563613,1.453480637,24.79033832,8.66299449
,id90,14.29931144,12.53861553,8.381076256,4.929112603,0.5870535709,5.109678196,6.5135754,8.143468589,1.014633538,id90,10.4737678,7.78579228,12.89268154,3.991403989,0.8591409206,8.194749933,13.25553699,8.618304425,0.3963053654,id90,10.59789646,15.21950002,10.76170241,2.67919578,1.086974053,10.33880275,9.560889376,10.41061455,0.4293600107
,id91,8.672707963,0.006138888278,5.398142427,12.18784574,0.4236484194,0.3178351599,14.84672871,4.691338823,3.432753601,id91,6.774419763,0.008769663158,5.266397118,8.280364682,0.06515600305,0.1482970551,6.068995991,3.616413209,3.417437417,id91,6.079776491,0.01223232841,7.300204221,14.10759331,0.07603982551,0.1065635093,23.50375961,4.072787944,4.039757455
,id92,14.93401397,4.436216202,9.387793021,14.56453913,11.71576327,4.90504061,18.3156375,0.3310701485,13.70560552,id92,11.77514032,5.799660631,12.45828388,15.58446295,9.357866418,4.519090912,13.8520032,0.1915893773,12.18808935,id92,13.46126868,5.693557056,14.14092281,24.05084134,12.04200983,5.028602088,14.76740073,0.1790939824,16.16058514
,id93,24.46626175,27.71625162,2.99756943,0.08598178704,0.1404178725,1.054385189,38.00903491,0.2184014428,18.54996259,id93,8.257036757,11.27210023,2.550874718,0.1364657705,0.1054985273,0.4638622335,7.591567692,0.1482193136,3.802137074,id93,24.67774134,18.79483599,2.960123003,0.2016140997,0.05002011666,0.3404039988,8.988209756,0.208001941,4.380067346
,id94,14.95382854,17.93308644,11.30329628,3.199963197,9.30875739,8.870505436,12.20437541,7.046128427,12.00197544,id94,9.207386437,13.9705113,9.478238856,5.181187659,11.85164739,8.536255918,11.03692307,5.522212784,6.350474316,id94,12.84732088,18.88107205,11.63644292,5.008772681,13.72919798,11.22839518,15.31307122,6.990890223,7.423701205
,id95,13.12247832,5.936448602,21.87079384,5.49206208,7.064017021,2.914215408,7.086296458,3.6223021,4.39720662,id95,10.28355035,4.61265584,15.51079783,7.223393476,6.159040375,5.677821261,5.928158625,4.598467065,3.570719874,id95,13.31757901,9.120981008,29.38314449,10.00474671,9.881266125,6.892777052,15.53838502,7.408534164,5.731281516
,id96,3.823386485,1.649030442,0.2499989441,1.441967161,4.77451108,0.5701276156,13.87529514,5.709574702,17.88946999,id96,4.387838542,1.31680718,0.07802051551,1.262681638,2.45828697,0.7490925102,9.646972504,5.053725862,16.00981706,id96,4.50274477,3.121363281,0.1443122473,1.582156601,4.250844791,0.5681222268,18.52057868,11.14719902,25.20420768
,id97,14.78909276,16.56634064,14.19401473,17.00190612,11.51876877,0.002966164244,17.95961292,16.09101802,10.64760877,id97,12.73763911,14.58933356,16.33078293,12.78771433,10.89366016,0.004816565306,17.44950319,13.35645133,10.59661638,id97,15.69755093,16.77616716,19.04312072,13.85259639,17.48379785,0.006907137091,18.92093864,16.2539579,12.85351244
,id98,4.872518657,8.686418566,11.37881981,5.746589618,8.611636129,4.942424049,1.111286402,14.943046,12.82929594,id98,5.340465946,9.545702017,12.13013315,4.115298706,9.216802874,7.477238866,0.7498317157,18.70631748,12.33677743,id98,8.527888086,10.4793692,11.93726241,6.617297738,10.10217291,6.602939069,0.6515714175,14.71667971,12.09862438
,id99,20.55889087,10.65250328,22.14513022,17.25335421,15.07935564,4.249167495,14.50308442,16.65469599,14.13134849,id99,16.95802282,7.468046054,15.69566999,13.60173378,10.63264361,2.677059176,11.82711063,16.55037903,14.26106401,id99,16.3429856,18.27651716,27.44143859,24.59641509,12.92790479,3.097605822,17.02241856,22.24848295,19.9702522