,High_Beta,variance (µ),,,,,,,,,Low_Beta,variance (µ),,,,,,,,,Mu,variance (µ),,,,,,,,
,ID,scenario1,scenario2,scenario3,scenario4,scenario5,scenario6,scenario7,scenario8,scenario9,ID,scenario1,scenario2,scenario3,scenario4,scenario5,scenario6,scenario7,scenario8,scenario9,ID,scenario1,scenario2,scenario3,scenario4,scenario5,scenario6,scenario7,scenario8,scenario9
,id1,0.0003764201811,0.0001679554256,0.0003194507974,0.0002483648113,0.0005471683107,0.00001035045009,0.0000003202350736,0,0.00007700972806,id1,0.00003275903869,0.0001482393001,0.0002627880318,0.0001088447931,0.0002351424744,0.000002654511573,0.0000001139318155,0,0.00004461089701,id1,0.00004458733684,0.0001154862916,0.0002584858268,0.0001427599747,0.0004638069383,0.00000278847702,0.0000001782374673,0,0.000134891444
,id10,0.00008946694442,0.00008349989925,0.0001557257304,0.000005832019057,0.0003348259677,0.0003586679299,0.00006625189765,0.0005246590599,0.0003559666887,id10,0.0001639688,0.00003780135727,0.0001740054331,0.0000003086304809,0.0002511202789,0.0003534521832,0.00008927772464,0.0003791072277,0.0001806958458,id10,0.00008220307868,0.00008820481088,0.0003183441987,0.000000312316443,0.0007635829275,0.0005015166392,0.00005167111339,0.0005274733438,0.0003352336853
,id100,0.0003562023048,0.0002486394598,0.0002651278753,0.000351847529,0.0003220860761,0.0004210991639,0.0005543365553,0.000398208567,0.0007202468438,id100,0.0004338447247,0.0002246833684,0.0001082175703,0.0003519302657,0.0001746042145,0.0004385106722,0.0009297934347,0.0004797291469,0.0008018320434,id100,0.0006485311673,0.0002704315293,0.0001211800178,0.0006136263112,0.0001879653383,0.00100527041,0.002048881914,0.0007998137347,0.00192899439
,id101,0.0005004409905,0.0005131209096,0.0005683856152,0.000399253394,0.0002810882016,0.0005432246856,0.0004176440441,0.0005911887532,0.0007444715486,id101,0.000275903358,0.0002261092829,0.0003188120749,0.0001989571826,0.0001561412183,0.0003461803446,0.0002536895265,0.0004583679428,0.0002620454736,id101,0.0009859404789,0.0002681559349,0.0009777859165,0.0007377330531,0.0001878009408,0.0005739904949,0.0005395062667,0.0005486526474,0.0005717734408
,id102,0.001064909372,0.0006556435603,0.0007692993251,0.0001389146818,0.0005178596553,0.0008794488721,0.0009468207433,0.000369342899,0.0006151598713,id102,0.0006817517957,0.0003127496904,0.0003977520463,0.0001107724596,0.0003521982472,0.0006072772965,0.0007135798312,0.0002719386861,0.0002465444886,id102,0.0007117245409,0.0002258574427,0.0007531351072,0.00007966314133,0.0007635070642,0.001454855487,0.000763125649,0.0001878343632,0.0004265127132
,id103,0.0009336400608,0.0007865144788,0.0006202408181,0.000390652039,0.0008498279316,0.001005688519,0.0003791571343,0.0001551935267,0.0002362994473,id103,0.0003152411418,0.0004527716441,0.0005331415783,0.0001912710499,0.0003011996337,0.0003235374384,0.0002229240712,0.0001291076418,0.000118214144,id103,0.00174416429,0.001129880978,0.002191025476,0.0008468744966,0.002037786826,0.001359829661,0.001132965996,0.000237655113,0.0006179162316
,id104,0.0004136190245,0.0005872876244,0.0003958937704,0.0006620860473,0.0000928300726,0.0005941446278,0.0005745792149,0.0005359671711,0.0005652625726,id104,0.0003864883114,0.0003382091273,0.0002860578067,0.0004688089199,0.00004130774962,0.0003663689389,0.0002781471434,0.0005548966982,0.0005412126381,id104,0.001124813111,0.002707029368,0.001222176642,0.002222654366,0.0000920048529,0.002120612575,0.001615660972,0.001710664466,0.001638286786
,id105,0.0002467600614,0.0004714793132,0.000159154549,0.0004936305525,0.0006793547647,0.0006961533227,0.0004120230789,0.0006798065754,0.0006809031608,id105,0.0001654832475,0.0005105702819,0.00006929436212,0.0001964022745,0.0006562622574,0.0003080013698,0.0001867108656,0.000620508608,0.0006526363832,id105,0.0001378353546,0.0004321459228,0.00007196653273,0.0004542620433,0.0005042895143,0.0005376955335,0.0001400219253,0.000497161603,0.0004240580103
,id106,0.00001176146093,0,0.0002188889541,0.0004059756608,0.000466856532,0.00005793538492,0.0005794805848,0.0004328604229,0.00003077777855,id106,0.00001283862429,0,0.00007246195322,0.0002510280178,0.0002696936433,0.00004259893438,0.0003391627347,0.00008273234036,0.0000231753241,id106,0.00002540833484,0,0.0001703564134,0.000414597449,0.0003412573596,0.00005264599946,0.0005647955007,0.0001514264222,0.00002739744611
,id107,0.0003620481494,0.0007398522658,0.0006685228652,0.0006323777207,0.0009405104574,0.000296795759,0.0009245977118,0.0004264086355,0.0006477505276,id107,0.0001952420031,0.0004203620241,0.0003500418049,0.0009262897738,0.0007701179179,0.0003277377834,0.0004902703134,0.0002038488361,0.0005313699374,id107,0.0002863224949,0.000734731496,0.0005314645719,0.002170714502,0.002052821271,0.0003966907581,0.001400972965,0.0002677713413,0.0009519188433
,id108,0.0004480732009,0.0006792546744,0.000385878225,0.0002819824905,0.0004505507792,0.0003592384095,0.0001634898124,0.0005785967684,0.0003667933651,id108,0.0001431082546,0.0004625659027,0.0001457299797,0.0001024914976,0.0002419566853,0.0001414629906,0.000110451294,0.0004578983078,0.0003187588271,id108,0.001135687013,0.0007392382787,0.0007732805599,0.0008039461671,0.001187197575,0.001221029488,0.0001096057307,0.001002755803,0.0003262262556
,id109,0.0003818884661,0.0007064887956,0.0004634649458,0.00001041275546,0.0004487614652,0.0004484025192,0.00007670964269,0.0000282814383,0.0004400411341,id109,0.0003405404165,0.0003912366629,0.0003962088838,0.0000157909531,0.0003652882118,0.0003980283783,0.00009773567205,0.00003685547265,0.0002165249834,id109,0.0004245196296,0.001454809991,0.001713702721,0.0000176593339,0.0004977982546,0.0005992294892,0.0002201326025,0.0001163466701,0.0007982081386
,id11,0.0004496360428,0.0004008921947,0.00000008679292579,0,0.0000005463204771,0.0003460694688,0.0001827857624,0.0006892280266,0.00003845853873,id11,0.0002515611423,0.0002097190347,0.00000001007497114,0,0.0000007307846526,0.0002340991417,0.0000803863629,0.0006688743652,0.00000328619146,id11,0.0009730022178,0.0005812498752,0.0000000374156522,0,0.0000007770088566,0.0009418016804,0.0003837267871,0.002289061237,0.000006347857601
,id110,0.0009402349529,0.0005386072057,0.0005346744614,0.0005785677988,0.00009874324447,0.000351851846,0.00007406421806,0.0002153847069,0.00064533604,id110,0.0005251995647,0.0002262531806,0.0003419558762,0.0003073952927,0.00007604362253,0.000270000815,0.00004742741595,0.0001575724549,0.000376796339,id110,0.002292159835,0.001421655527,0.001288681668,0.002281832179,0.0001844294427,0.0008987593796,0.0000821293004,0.0001253908763,0.001791888604
,id111,0.0001586932138,0.0000003057366519,0.00005135544271,0.0001121041448,0.0003135203568,0.00116183895,0.0002051019655,0.0004120901229,0.0002208685405,id111,0.0000582953483,0.00000007430364655,0.00002637734656,0.00004954608728,0.0002014035027,0.00067254257,0.0000952086606,0.0001288945662,0.00009922949912,id111,0.00005701986569,0.00000005252767433,0.00003344523138,0.00005619726582,0.0001633697215,0.0005803837013,0.00008524782454,0.0001523927626,0.0002136002384
,id112,0.0001208764408,0.00007820554915,0.0002301189127,0.0004980881439,0.00005855704483,0.0001195526958,0.0002221223048,0.0001713958965,0.0005965958399,id112,0.00007768098711,0.00004705377103,0.0001414367315,0.000205449523,0.00008311549655,0.00004471199584,0.0002026772709,0.0001235595184,0.0003454676809,id112,0.0000818454459,0.00007380840072,0.0004695912138,0.0007697817888,0.00004222577342,0.0001126348988,0.0004947563377,0.0001546986553,0.001735518007
,id113,0.0003547763629,0.0006704761379,0.0005707594741,0.0006584278442,0.0005768230635,0.0008183498592,0.0006839180208,0.0007767504625,0.0006715999891,id113,0.0001966965675,0.0002908270043,0.0002778459458,0.0005065998718,0.0003707229635,0.000533495141,0.0002654527964,0.0004310222517,0.0003735477821,id113,0.00159887127,0.003126921648,0.003490542421,0.003522126136,0.003330283066,0.00405010403,0.002421626872,0.002813068252,0.00287383063
,id114,0.0003305224643,0.0002579433484,0.0005236749118,0.0005865182739,0.0006897872781,0.0007417792579,0.0004999835679,0.0002322221132,0.0005506638036,id114,0.0001914787093,0.0001553581549,0.0002033513326,0.0004052305102,0.0004266043189,0.0008317199195,0.0004003846922,0.0003203439875,0.0004817949947,id114,0.0005810030413,0.0004546369754,0.0008736443729,0.0008285152673,0.002353953964,0.002120793696,0.001280753576,0.0008423190683,0.002070175148
,id115,0.00007693847979,0.0004350435155,0.0001867215788,0.0001278757266,0.0004199025692,0.0003421759765,0.00004668256116,0.00009502444433,0.0007470016796,id115,0.00006384222399,0.0002487419416,0.00009140588881,0.0001034088425,0.0002802120714,0.0002968202709,0.00003920729852,0.00006948279673,0.0005439641505,id115,0.00005687955577,0.0001599537825,0.00005523097876,0.00006889221473,0.0003091414463,0.0003635274822,0.00002169659184,0.00007812970545,0.0005022904178
,id116,0.0003654417646,0.000382329416,0.0005769664207,0.000377771465,0.0005125169475,0.0004441624301,0.0003829855575,0.0006949729221,0.000428598986,id116,0.0002105821016,0.0002377690532,0.0003185846364,0.0003717095479,0.0005091303453,0.000252923019,0.0002345045198,0.0004769018178,0.0002049563409,id116,0.0008482731475,0.001031976484,0.001977642842,0.001273146916,0.002828351133,0.002068374373,0.001602522464,0.002826966168,0.001480035841
,id117,0.000611652578,0.0006615246832,0.0003768942872,0.0008496558958,0.00005783569786,0.00009827276562,0.0007933313603,0.0001579308744,0.0004056705241,id117,0.0004312238216,0.0003416740403,0.0007342861099,0.0008193301017,0.00006192717314,0.00004850676393,0.0007606389175,0.0004312400792,0.0004131204262,id117,0.0005419393824,0.001056953222,0.0003320833785,0.0008187117087,0.00007285174366,0.00006305090086,0.0006377963426,0.0002339221947,0.0006537206716
,id118,0.0002044427785,0.0001769444168,0.0001305684672,0.0001532839512,0.0001739317017,0.000154841592,0.00009414393027,0.0001469716312,0.0001140954758,id118,0.00008598972017,0.0001099370663,0.00002898512082,0.0000953842855,0.0000746472046,0.00006346766734,0.00004036435657,0.00006962431522,0.00003454392985,id118,0.0001643312679,0.0001037040465,0.00003519942463,0.00007882146346,0.00006799586797,0.00007736641381,0.00005102874545,0.00009531597546,0.00004985450398
,id119,0.0001940471662,0.0007429206948,0.0007766181018,0.0005761773364,0.0009012305018,0.0005273175303,0.0006093093921,0.0008069266928,0.0006186810209,id119,0.0001242100546,0.0003739178308,0.0006120275737,0.0004559699012,0.0004670770396,0.0006060737071,0.0005524426172,0.0003832503563,0.0002470117926,id119,0.0004532817404,0.00274946095,0.003217546164,0.003224165313,0.003811522364,0.002169297639,0.002986615652,0.002660307561,0.001697407576
,id12,0.0008452011029,0.00003235174511,0.00002350482132,0.0002524640951,0.0007847012069,0,0.0006746385244,0.0005222350309,0.00001455472923,id12,0.0003126887881,0.00001219487945,0.00001280884331,0.00004200078031,0.0003414166755,0,0.0002961867984,0.0002058769402,0.00002106744879,id12,0.0007109926493,0.0000157300764,0.00002832967258,0.00005937644698,0.0009884158301,0,0.0006979253891,0.0004500528418,0.00002130974791
,id120,0.0003967258298,0.0005056202346,0.0001261677115,0.000631020645,0.0005856169508,0.0008722856395,0.0003742570166,0.0007390901159,0.0006056115808,id120,0.0002664229971,0.0003129943692,0.0001329346821,0.0003301698846,0.0004008548485,0.0006213265288,0.0003735658663,0.000420555551,0.000290283426,id120,0.001081794502,0.001119042633,0.0001314903164,0.003296457778,0.003047442245,0.004086681349,0.001780623641,0.002167846247,0.001520228501
,id121,0.0005166624168,0.0002789770935,0.0005747876955,0.0005207370602,0.0005609383615,0.0004809478776,0.0004116759756,0.00008815858946,0.0004686193706,id121,0.0003064323651,0.0002062458812,0.0003132642112,0.0002688369333,0.0003686334574,0.0004503343008,0.0003089891802,0.00003803622454,0.0004402654419,id121,0.001162631379,0.001060057632,0.0008179281166,0.0009777273298,0.001358009875,0.001320188573,0.001115108467,0.00008439098433,0.001354642088
,id122,0.001022933267,0.0007599330297,0.0005428830672,0.0005524658493,0.0003240441537,0.000000008989453893,0.0004351815323,0.0007643325186,0.0003144882639,id122,0.00045211638,0.0003677073811,0.0002710581193,0.0002820386555,0.0002451892524,0.00000004565200898,0.0004567330522,0.0003833157376,0.0002711428123,id122,0.003855484261,0.001869385279,0.001264457326,0.0007348722246,0.0004532500277,0.00000008824222368,0.001819166911,0.001801561676,0.0006913048055
,id123,0.0007490993776,0.0002536496861,0.0009614896199,0.0008861190749,0.0006783864881,0.0000001490330244,0.0005891188619,0.0006841943682,0.000458279241,id123,0.0006568793595,0.0001448981332,0.0003497664315,0.0006207194452,0.0005615883251,0.0000001183864687,0.0005681274033,0.0005813866608,0.0002248593791,id123,0.001791476245,0.0007660235246,0.002459771254,0.002314971566,0.002310505687,0.0000005655913779,0.002701377278,0.002643344747,0.001545518774
,id124,0.000205370065,0.00000004678274599,0.0001879051384,0,0.0001328121155,0.0002852173431,0.00001377362535,0.0000280150438,0,id124,0.0002943892774,0.00000004181676591,0.0001097415997,0,0.00008281813047,0.0001911738375,0.000003583072083,0.000006802058854,0,id124,0.0002363998809,0.00000007305853143,0.0002465875222,0,0.000160267427,0.0002805496426,0.000006870030102,0.0000180056228,0
,id125,0.0001681021415,0.0006427867967,0.0007019557816,0.0002730230237,0.0006530944383,0.0006764148353,0.0007331035258,0.0007466884984,0.0004511537909,id125,0.00006729113734,0.0003191639688,0.0003701177187,0.0003255668138,0.0005738113824,0.0003616298183,0.0004317145933,0.0005206163704,0.0003284978092,id125,0.0001273790091,0.001759649841,0.001704546557,0.0006980346049,0.001527087341,0.0022812323,0.001785079004,0.002356603086,0.002033538428
,id126,0.0006058213156,0.0004001821931,0.0008195667951,0.0004411648928,0.0007748699912,0.0003837265124,0.0006504482627,0.0005720951641,0.0001289034779,id126,0.0005620739949,0.0001794017684,0.0005158462839,0.0005923171176,0.0006155868038,0.0004819928395,0.0004126951373,0.0003817544579,0.00004732162406,id126,0.0003526551446,0.0002294076151,0.0004607724582,0.0003079425567,0.0004221844879,0.0003735879727,0.0004639386272,0.0003757772835,0.00006894159652
,id127,0.0006969417313,0.0007570224264,0.0006442950572,0.0005490364333,0.0002494123097,0,0.0002880050152,0.00003630821056,0.000372409276,id127,0.0004055140471,0.0004179761002,0.0006657543875,0.0003804838599,0.0002482968204,0,0.0001103232465,0.00005786633014,0.0001003316546,id127,0.0008078992898,0.000653783712,0.0006370993454,0.0007857245656,0.0007346576913,0,0.0004013518186,0.0001905050319,0.0001821873358
,id128,0.0006082929167,0.0003685505639,0.0006899052661,0.0005766232281,0.000431614839,0.0005721123401,0.001037900537,0.0001612721514,0.0007234545276,id128,0.0003355888099,0.0002068327765,0.0003026453484,0.0002683824923,0.0002332321768,0.0004964272045,0.0005801774599,0.00006574123336,0.000303051585,id128,0.0007941198496,0.0009924516083,0.0008206490497,0.0008462213568,0.0005709703067,0.001609751018,0.001243541107,0.0002277858495,0.002250609723
,id129,0.0009049549924,0.0004222754205,0.0002395886625,0.0002853738452,0.000310192915,0.0004225903344,0.0003014277604,0.0005862599216,0.000009922529023,id129,0.0003679980206,0.0003586219351,0.0002121613037,0.0001773733476,0.000171934164,0.0003132174932,0.0001571542521,0.0003792460602,0.000005699104795,id129,0.0009867069281,0.0007677469016,0.0002550134436,0.0004157213471,0.0002063714444,0.0005974278103,0.0001578585278,0.0005493707678,0.00001156806297
,id13,0.0002928122425,0.0001833150062,0.0002974229943,0.0001390284117,0.0003398462507,0.00008782555297,0.0004869629892,0.000427085104,0.0002595778814,id13,0.0001623945225,0.0001258349208,0.0002387975923,0.00008749606986,0.000199209091,0.0000377815973,0.0001477697787,0.0002683557787,0.0001311537311,id13,0.0002050464255,0.0001947095592,0.0002321357731,0.00007259928766,0.0002116934791,0.00008945006257,0.0001197474662,0.0002306307735,0.0002421405279
,id130,0.00006516710121,0.0001197026536,0.00005433401644,0.0000000621100344,0.0004322177005,0.0004512947564,0.0001384722717,0.0001000165785,0.0005967164431,id130,0.0002644392,0.00003907092806,0.00004977779197,0.00000005132951404,0.0004958915758,0.0002097657671,0.000138357973,0.00004486909373,0.0007475271467,id130,0.00009637499761,0.00004223941086,0.00005358182921,0.00000005528722614,0.001040315272,0.0003359019616,0.0004702129062,0.0003699920887,0.001116514076
,id131,0.000001710163506,0.0000001608012988,0.0001782007391,0.0005849488297,0.00006309960592,0.0004929726024,0.0001186684143,0.000009987812844,0,id131,0.000002480836907,0.00000008684620976,0.0001001890828,0.0003574479139,0.0001089802939,0.0004416130849,0.000161592901,0.00001050699605,0,id131,0.000002384860636,0.0000001475574009,0.000166944874,0.0009753431776,0.00007751375367,0.000509455767,0.0005073942542,0.00002110691245,0
,id132,0.0001801253639,0.0002640676234,0.0005412247388,0.0005036265685,0.0004359378025,0.0005352958166,0.0005205063172,0.0005818719274,0.0005305470986,id132,0.000120510536,0.0001204081329,0.000337977193,0.0002165668889,0.0001807887678,0.0003643840632,0.0003375276198,0.0003103145614,0.0001862465631,id132,0.0006344062783,0.001528851002,0.002954370486,0.002058927721,0.001648492586,0.003411607232,0.002659163528,0.003233821988,0.002729889012
,id133,0.0006661266165,0.0006596441383,0.0003185152164,0.0006799378727,0.0005397235314,0.0006966170201,0.0005107616401,0.0005237429352,0.0007849601733,id133,0.0006517787111,0.0007183350109,0.0002229863453,0.0009642728539,0.0005188558822,0.0009463481284,0.0006728180788,0.0003807773593,0.0004018639564,id133,0.001435051185,0.0009994656558,0.0006322321023,0.001239931894,0.0006509964775,0.001936868068,0.002326396433,0.001868075087,0.003011134331
,id134,0.0002590600961,0.0003232125437,0.0004594693827,0.0003016029841,0.0002214026754,0.0004539906672,0.0002102910806,0.0004565495944,0.0003939263221,id134,0.0001014244953,0.0001325364474,0.0002285268729,0.0001310252447,0.0001262903229,0.0001587758835,0.00006058128918,0.0002853403489,0.0002347437524,id134,0.0001603213818,0.0001667419591,0.0003263209614,0.000141365803,0.0001314637539,0.0002501264338,0.00007655988161,0.0003228717668,0.0003090230418
,id135,0.0004213159151,0.0006068533034,0.0004732252452,0.0004837174411,0.0006635151577,0.0006126967689,0.0008705300819,0.0005562191336,0.0006297969068,id135,0.000258160166,0.0004556378237,0.0003238893444,0.0003762614183,0.0005249314447,0.0004019283073,0.0004994820868,0.0002486076403,0.0005052731799,id135,0.0009588201756,0.003440925218,0.002195840074,0.00117987735,0.002118405143,0.00246316711,0.002085086232,0.002558118632,0.001980500188
,id136,0.0005537159782,0.0005276325259,0.0005036274649,0.0004174960993,0.0005518226429,0.0002002260942,0.000504145746,0.0006292612905,0.0002445395867,id136,0.0004685866186,0.0003468666658,0.0004255329913,0.0002647740882,0.0002690937194,0.0001317216136,0.0004259984747,0.0005243877219,0.0001124170068,id136,0.002533927634,0.002633089152,0.002446961206,0.001669215277,0.001488313144,0.0003456921687,0.00144328688,0.002275285973,0.0009752851858
,id137,0.0003178260003,0.0003605858665,0.00001522789562,0.0006992439558,0.0001871401385,0.0001066733828,0.0003122665533,0.0003327323755,0.0001918107645,id137,0.0001427857966,0.0001858986157,0.000007383010296,0.0003399956114,0.00006879881792,0.00002965932281,0.0001224180507,0.0002556531971,0.00015988106,id137,0.0006630790823,0.0008117206895,0.00003561930376,0.0009986403997,0.00007934111784,0.00006786874518,0.0003690282987,0.0005785161017,0.0002205529146
,id138,0.0008234396285,0.0006818939988,0.0006836853462,0.0008501699531,0.0006874100902,0.0009569466735,0.0005595798138,0.0004103896434,0.000890628688,id138,0.0005081120962,0.0007277267461,0.0005143125559,0.0005585071977,0.0005331722198,0.0004127289922,0.0003099413323,0.0002638527052,0.000363287712,id138,0.001175324424,0.00144632957,0.002018155875,0.002552198995,0.001240790316,0.001427959546,0.002411691803,0.0009813637883,0.001017671765
,id139,0.0007311691564,0.000744273539,0.0007439832186,0.0007029265009,0.0008071801235,0.0007867779366,0.0007091672883,0.0004908232386,0.000726471208,id139,0.0003952231075,0.0002645979909,0.000371766907,0.0003269290627,0.0003038544078,0.0002529337074,0.0002992262887,0.0003201743999,0.0004085885731,id139,0.003170349347,0.004288156169,0.00475309258,0.001860185348,0.004648790446,0.003895487418,0.002451164793,0.001374436037,0.003253860869
,id14,0.00005716768519,0.0002310752949,0.000104356667,0.0004634458018,0.0009138957866,0.0008825863496,0.0009974529476,0.0004963655533,0.00036196139,id14,0.00004647822627,0.0000659298613,0.00002545780028,0.0003089558204,0.0004544627415,0.000798225393,0.0007232298683,0.0002922613129,0.0003005259293,id14,0.00006892634317,0.0003214516915,0.00002850934205,0.0005392552641,0.002990280921,0.001675125644,0.002073374388,0.0006339120941,0.0007621752211
,id140,0.0007415780222,0.0003960670982,0.0008368880384,0.0007402553034,0.00002457208715,0.0007261585102,0.0004154137093,0.0005266902246,0.0008045465604,id140,0.0005830654215,0.0002965576499,0.0007804120801,0.0003268614996,0.000011832273,0.0004238979098,0.0001921408543,0.0003527029325,0.0002451029723,id140,0.001628751604,0.001020784975,0.002376686338,0.002396364334,0.00001269779468,0.003035504387,0.001208395789,0.003100359424,0.001684069437
,id141,0.0009463187938,0.0005872739342,0.0008980578373,0.0005406807032,0.000549003068,0.0005399863949,0.0004281867326,0.0005579565454,0.0004658289123,id141,0.0007304263848,0.0005449366474,0.0003452310431,0.000559769362,0.0006541283238,0.000926558054,0.0004660983679,0.0006550727002,0.000498077008,id141,0.0009996108828,0.0009638846911,0.0005274739765,0.0006787127141,0.0006039856773,0.0006152223249,0.0004799393785,0.001098061343,0.000982630034
,id142,0.0008737193642,0.000665510339,0.0006960507465,0.0008013290106,0.0006135395639,0.000596121034,0.0005721709277,0.0005322912604,0.0006790117158,id142,0.0003876802184,0.000293859575,0.0005737434143,0.0004580407989,0.0002919143468,0.0002735670512,0.0004095634838,0.0004129825661,0.0002564046292,id142,0.00342721174,0.002255853375,0.00218524589,0.003906743896,0.003473831576,0.001325654958,0.001413526244,0.001245381455,0.003851850715
,id143,0.0005157327564,0.0007720971217,0.00077340596,0.0005100411211,0.0006661444491,0.0008166361971,0.0004417204308,0.0006771764558,0.0005827557761,id143,0.0005620882568,0.0005683812083,0.0004708160617,0.0004768790655,0.0004245819572,0.0004599070037,0.0002774752099,0.000539341682,0.000716541201,id143,0.00136395647,0.002287921661,0.001994759108,0.001874964372,0.002176384311,0.001596158636,0.001099496287,0.002883881377,0.001526090233
,id144,0.0004490928377,0.0004793180156,0.0006542122512,0.0005618997389,0.0006281369827,0.0007627871015,0.0006791835417,0.0008479533113,0.0006602498552,id144,0.0003213512815,0.0002977586712,0.000423584661,0.0004443425703,0.0004301099239,0.0003030307205,0.0004041015042,0.0003729175091,0.0003730843489,id144,0.002598330013,0.001649097816,0.00366258916,0.002905002301,0.002067869845,0.003748299681,0.001062441591,0.003322894375,0.002363971759
,id145,0.0007530653911,0.0006673542663,0.0007719414335,0.000754391175,0.0007170767484,0.000779516808,0.0006934271885,0.0005057827749,0.0005630295047,id145,0.0004806517229,0.0004965816144,0.0007354713475,0.0004493823247,0.000690887625,0.0006839394357,0.0004749102007,0.0003846718975,0.0004718149431,id145,0.001940658596,0.001297022048,0.002284059408,0.00184052785,0.002054722335,0.001420143159,0.001442191482,0.0008974555319,0.0009926687752
,id146,0.0003368263017,0.0007605516224,0.0003690561118,0.0005040847944,0.0005561456086,0.0006126077648,0.0004532067466,0.0007948561636,0.000403961695,id146,0.0002994790503,0.0003328014148,0.0002345781641,0.000249474385,0.0002340918566,0.0002577359702,0.0002309838831,0.0003347008435,0.0002275657068,id146,0.0003849272672,0.002043901716,0.0008577121703,0.001936838922,0.001444136009,0.002250339252,0.0006141062278,0.002187069311,0.001304564527
,id147,0.000304490989,0.0004402820563,0.0004045267303,0.0004962154689,0.0001857972998,0.0003678501242,0.0002267186486,0.0004286773238,0.000416558028,id147,0.0002234257531,0.0003116100423,0.0002927174592,0.000208818342,0.0001699483632,0.0002239156732,0.0002350087386,0.0003472210488,0.0003065425633,id147,0.001464555383,0.002150411287,0.00230961072,0.002075567444,0.0005388085689,0.002207560566,0.0009551690066,0.001247215246,0.001723403294
,id148,0.001005424024,0.0003157044268,0.0005406461117,0.0001123804967,0.0005882318711,0.0007567765458,0.0005187119929,0.0007986877551,0.0004158441154,id148,0.0004505392824,0.0001576295997,0.0004048877234,0.00006260649027,0.0004055171991,0.0005007276708,0.0003010094422,0.0004228514406,0.0006061028192,id148,0.001337964148,0.000434630982,0.0006526196714,0.0001175272217,0.0006555334679,0.001421063345,0.001152829912,0.001752238532,0.0008178446242
,id149,0.0007356044914,0.0007230987881,0.000690624768,0.0005293154659,0.0006767421007,0.0005530838236,0.0009258240965,0.00007462695005,0.0006233649346,id149,0.000757362743,0.0003823495933,0.0005421475101,0.0003360945854,0.0005175104369,0.0002593156901,0.0005492986894,0.0002817439628,0.0004600859864,id149,0.001510546053,0.001034843228,0.002265692256,0.001451788164,0.001868188607,0.001229141599,0.002483168651,0.0002536329278,0.0008605700746
,id15,0.0006370102174,0.0008896518661,0.0007395610444,0.001102338034,0.001036461282,0.0006735922949,0.000745401426,0.0007845544202,0.0009820980151,id15,0.0003944804415,0.0003279101112,0.0003782783102,0.0004921630804,0.0002303070624,0.0002463659665,0.000410032622,0.0004251125818,0.0006687604264,id15,0.0005551666259,0.0005683503984,0.0006257443575,0.0007444651537,0.0007932858808,0.0005627362859,0.0006987850237,0.001011407331,0.001109201364
,id150,0.0002459963126,0.000579009203,0.0004842361735,0.0008764778893,0.0007982997302,0.0003818560741,0.00100784866,0.0005458370861,0.001153010286,id150,0.0001746228114,0.0004135324923,0.0003890046848,0.0004172776654,0.000733658825,0.0001957059732,0.0005774114386,0.0002251159749,0.0006691898274,id150,0.0002534355266,0.0005078632816,0.0004423148726,0.0006824222954,0.0005979542314,0.0004002093475,0.001086392453,0.0004250133119,0.0008337753518
,id151,0.0002148195428,0.0006116160247,0.0004883658473,0.000597869169,0.0006478366027,0.0004680627991,0.0005734556675,0.0007832069128,0.0007396248636,id151,0.00006773918193,0.0002956706998,0.0002612994924,0.0004149694201,0.0006458786394,0.0007176618303,0.000728516354,0.001092567045,0.0003810728448,id151,0.0001136639044,0.001346458228,0.0008241193917,0.0005762912539,0.001305256217,0.0006992855583,0.0007553998928,0.001650847492,0.0005516154165
,id152,0.000001486530345,0.000009554423195,0.0000905548925,0.0007800801622,0.000001167736005,0.00001670566348,0.0009350166033,0.0006945403042,0.0006434526251,id152,0.0000004293906008,0.000005444915265,0.00003975527614,0.0004543800335,0.0000002367080163,0.000005044723752,0.0002954906062,0.000563482794,0.0001817650336,id152,0.0000006523021824,0.000005190618122,0.00006182950382,0.001058036808,0.0000004721916274,0.00000595774623,0.001323083963,0.001721346408,0.0009318015933
,id153,0.0007916493946,0.0008801907086,0.000555406289,0.00001335311029,0.0007478528958,0.0006456699864,0.000581869321,0.0005795899848,0.0006650446786,id153,0.0003112685185,0.0006499970095,0.000355124599,0.00001326883553,0.0006035670413,0.0005748820694,0.0003766367136,0.0003452009927,0.0005258690471,id153,0.001314806516,0.003282769589,0.0008783208915,0.0000398788777,0.001633654632,0.002045407014,0.00192689726,0.001062260471,0.003272828752
,id154,0.0006080014217,0.0005254183184,0.0006440208059,0.0008363689307,0.0006802794147,0.0006750721304,0.0005021520955,0.0005910078439,0.0006328371128,id154,0.0002712430327,0.0004007439173,0.0003755126628,0.0002750256191,0.0002951263379,0.0004285749053,0.0003183366665,0.0003375428895,0.0002663460456,id154,0.001780616269,0.002140803187,0.002266670925,0.003147654254,0.00323228714,0.003510873198,0.002158452152,0.003750007524,0.004597808104
,id155,0.0003416466094,0.0001835479864,0.0004269753423,0.0004245127781,0.0004300791451,0.0003799238206,0.0005324022633,0.0001905577548,0.0001701716322,id155,0.0001488492402,0.0001876640956,0.0003755967415,0.0003224096884,0.0004066998204,0.0002163093916,0.0001993568993,0.0003086787079,0.00006085787672,id155,0.0005924456862,0.0003233919102,0.0008962454057,0.0009162819539,0.001041813,0.0008349812477,0.0006485848174,0.0003655461745,0.0001094761991
,id156,0.0003456788087,0.0002215829778,0.0007429562606,0.0003783557525,0.0005826831079,0.0005902474678,0.0005554733425,0.0005737482661,0.00000006719898665,id156,0.0005210120549,0.0003127056899,0.000533990337,0.0004695495218,0.0009053287871,0.001232929329,0.001107602132,0.0007556836636,0.00000009049901128,id156,0.0009086841804,0.0002393543866,0.0005999802519,0.0003186560105,0.0006251021168,0.0006388469508,0.0007906343022,0.0008865923127,0.00000009369112699
,id157,0.0004862125537,0.0002514448011,0.0004128090629,0.0003068024047,0.0003876395316,0.0002539949544,0.0005243944152,0.001081434028,0.0004511589758,id157,0.0002581987153,0.0002409604644,0.0003074005447,0.0003805000349,0.0001755962307,0.0001768560362,0.0005436188835,0.001014659732,0.0005288582962,id157,0.000257748529,0.0001358345417,0.0002207017699,0.0002166026169,0.000241242077,0.0001702019045,0.0004221197645,0.0006611373985,0.0003167997382
,id158,0.0001688384863,0.0002466422224,0.00003456630351,0.0002349980047,0.0001717236694,0.0002233317743,0.0005408522005,0.0004322639179,0.0003751310749,id158,0.00008518484759,0.000138852336,0.00002799334037,0.00008335053809,0.0001006836528,0.0001413419991,0.0002843977498,0.0002498256945,0.0002826293802,id158,0.000102118594,0.0002008690245,0.00002527387764,0.0001829339236,0.0001954552681,0.0002157347934,0.0005072709082,0.0004231648985,0.0009682202172
,id159,0.000420609323,0.000660367226,0.0005279092936,0.0004751978566,0.0006565101648,0.0000002140167581,0.0006931180085,0.0005556907203,0.0001416873531,id159,0.0002238688745,0.0004544381508,0.0005446554554,0.0002140077445,0.0003621208566,0.00000009007942077,0.0003092828013,0.0005207033518,0.00006184043341,id159,0.000723118524,0.002402709227,0.002714602369,0.0004947736355,0.002509415321,0.0000001896984963,0.002217001647,0.0005801582058,0.0001236995753
,id16,0.0002116094376,0.000545181208,0.00008038980559,0.0000004881677497,0.000005285197947,0.000006188962794,0.0004089691594,0.0006799130955,0.0001947420936,id16,0.0001077526931,0.0003976603457,0.00003683777959,0.0000002105616828,0.0000008280369607,0.000008058362968,0.000431177979,0.0006957010382,0.0001547998145,id16,0.00007242643503,0.0003453897573,0.00002914033761,0.0000005493526604,0.00000224592465,0.00001511610637,0.0002723977848,0.0003999169048,0.0001014557515
,id160,0.0007629576433,0.0007422919153,0.0008291044861,0.0001667601907,0.00003803172276,0.00003838317642,0.0003236241676,0.0006312698178,0.000754988632,id160,0.0003164448499,0.0003529802249,0.0004758596281,0.0001121205261,0.00001631494653,0.00002363865673,0.0001844730223,0.0003487180366,0.0004505365409,id160,0.002474598126,0.001827587969,0.001675153232,0.0003804603997,0.00003787724923,0.00008450146569,0.0004805285715,0.001212276123,0.002210940181
,id161,0.0002875671153,0.0002427018255,0.0006074426191,0.0005455651802,0.0008421254844,0.0006319451335,0.0007471700238,0.0003600299638,0.0006697203616,id161,0.0001204806041,0.0001717258427,0.0003843448422,0.0002153235783,0.0003002759302,0.000408703451,0.0003921489531,0.0003385960273,0.0003906489603,id161,0.000575443151,0.0005910684005,0.0008229649647,0.001896510402,0.002887580114,0.003363584053,0.003156422862,0.002035447241,0.003569402313
,id162,0.0004860829186,0.0003182353632,0.0005306252444,0.0004168746015,0.0002766172277,0.0007438311291,0.0005640386231,0.0006412540606,0.0006421656298,id162,0.000376568891,0.0003065670046,0.0004718755168,0.0005070045825,0.0001767145196,0.001307075453,0.0005874227209,0.000582263287,0.0007136719265,id162,0.00188565285,0.0005915591661,0.002375903332,0.001257429101,0.0003486226295,0.001808829349,0.0007950408954,0.0007605064096,0.00101333372
,id163,0.0004213867239,0.0005924860743,0.0006012638324,0.0007037536027,0.0004915818055,0.0005175499614,0.0004062038825,0.0005720029479,0.0006042537574,id163,0.0003952480601,0.0004270234597,0.0006288636178,0.0004839105849,0.0003381759705,0.0003001837456,0.0004207109978,0.0005424779108,0.0004761650294,id163,0.002606145839,0.001375159588,0.003173769863,0.00393389425,0.004102016463,0.002131137676,0.0009164167685,0.001675371654,0.002797894904
,id164,0.00009290248457,0.0002384483114,0.0005923898107,0.0004419046594,0.0002424166746,0.0003053213462,0.0004287483148,0.0004863395546,0.0003204753865,id164,0.00009063372652,0.00007010944325,0.0002977423098,0.0001911268969,0.000146193098,0.0002697571672,0.0004700363571,0.0002957562901,0.0001189559696,id164,0.00007807421905,0.00008393260884,0.001319156682,0.0004492789064,0.0002638956563,0.000587199808,0.0007318678911,0.0008660170239,0.0009093031225
,id165,0.0005562319514,0.0006366131284,0.0001855633411,0.0002417402112,0.0001912354941,0.0002230240006,0.0006349023812,0.0007579986275,0.0006455005603,id165,0.0001734038976,0.000324818275,0.0001359241064,0.0001441701288,0.0001447491154,0.0001853036577,0.0002983958627,0.0003657911805,0.0004388858167,id165,0.001378064487,0.001953558194,0.0005258882545,0.0007681453083,0.0001505405039,0.0004440061406,0.001409374745,0.002270136417,0.003216316568
,id166,0.0001657617442,0.0001150095095,0.0003663234364,0.0001492448667,0.0002607893648,0.00001856664513,0.00008942989967,0.0001087847762,0.0002169422813,id166,0.00007552478197,0.00004227256965,0.00006593093072,0.000109371162,0.00008892394774,0.00002231404021,0.00002941283285,0.00005496118547,0.0001131030045,id166,0.0004810454852,0.000194911669,0.0005572157049,0.0003189675023,0.0003940566285,0.00003563757013,0.0001290227255,0.000265030734,0.001104932376
,id167,0.0006249767183,0.0005958060893,0.0008301783246,0.0006680189931,0.0006959763704,0.0006544886463,0.000316769152,0.0006763073967,0.0006971657359,id167,0.0005990319622,0.0004609075004,0.0003621653714,0.000352069484,0.0004399189126,0.0005365296565,0.000130429808,0.0005428520087,0.0003411209784,id167,0.002228011145,0.00218603492,0.001635661494,0.002698351706,0.002441601364,0.002002626085,0.0004764363476,0.001062626022,0.001339498493
,id168,0.0004086905623,0.0006250086008,0.0007092564071,0.0003381039148,0.000890056999,0.0007151399063,0.0006754208463,0.0009292550064,0.0008455462593,id168,0.0002911484648,0.0003422149023,0.0004010818171,0.0001862345398,0.0005132776582,0.0006139249663,0.0004858624534,0.0004272342076,0.0005283842682,id168,0.0004988101067,0.001135028949,0.001066847008,0.0007303615072,0.001702324835,0.001710444204,0.001731706284,0.001698647128,0.001680974102
,id169,0.0008610785012,0.00003609676442,0.000101196003,0.0002482642762,0.0002469119552,0.0001389021763,0.00005878447254,0.0001807710526,0.0002097267246,id169,0.0005035847673,0.0000225302727,0.00006821012885,0.0001515823573,0.0001677438112,0.00007453492471,0.00007135850078,0.00005174490047,0.00006686318541,id169,0.003713680143,0.0001482882022,0.0002710830035,0.001852366499,0.0005904998023,0.0002737142001,0.00009255162595,0.0006623075536,0.0004697225352
,id17,0.0001878511755,0.00001037648992,0.0001294996268,0.000001397118913,0.00001291804982,0.000008160077269,0.00002041780872,0.0001018755282,0.00000002147019579,id17,0.0000858613493,0.000003894788891,0.00004208136309,0.0000008350978888,0.000003397705852,0.000001170766759,0.000004428929318,0.00005216032372,0.00000001309272722,id17,0.0001079842834,0.000005151457684,0.00004194611487,0.0000007656045778,0.0000093032551,0.000001129205389,0.000004852487672,0.00007087145673,0.00000001168002464
,id170,0.0001202081206,0.0007494050648,0.0005973482697,0.0001873141591,0.0003531973468,0.0002106024016,0.0001397783707,0.0006446525692,0.0002914271389,id170,0.00005204954777,0.0006223577088,0.0004519191252,0.0001982420883,0.0002572880091,0.00008249370534,0.00009563347258,0.0003853976873,0.0002394402907,id170,0.0001477349743,0.002232642343,0.002637297204,0.0006917913743,0.0007549820587,0.0006521990448,0.0004942927216,0.002623079853,0.001039483442
,id18,0.0003620014249,0.0005249760167,0.0005329726486,0.0002897418857,0.0001618566481,0.0003962831793,0.00009363983863,0.000003423144427,0.0003702196243,id18,0.0001325667652,0.0003764822076,0.0004308841411,0.000099613476,0.00008604215146,0.0002145146665,0.0001090951964,0.000003937704963,0.0003066232827,id18,0.0004117629935,0.0008335509775,0.001237741773,0.0007770908376,0.00007065252151,0.0004037174684,0.0001569678876,0.0000077060569,0.0005498820225
,id19,0.0004939243331,0.0004691804893,0.0002388519327,0.0004411366083,0.0003445028637,0.0005614555829,0.0004522674838,0.0001362873563,0.000305833189,id19,0.0006350629105,0.0001811242403,0.0001008736063,0.0002663876255,0.0002265181891,0.0002674512176,0.0004541546334,0.00005684169988,0.00009498523296,id19,0.0002185368355,0.0002141472556,0.0003169332126,0.0001974876132,0.0003626150323,0.0002875154722,0.0005103411677,0.00004844824243,0.0001447931621
,id2,0.0009469610832,0.001224958594,0.0008838214639,0.0004288980501,0.0004215836611,0.0003055802322,0.0004191405279,0.0005684208993,0.0005394269954,id2,0.0004565603622,0.0003701969884,0.0004386975198,0.0002573388366,0.0001935224172,0.0001413231009,0.0001767036119,0.0002796081884,0.0003049892506,id2,0.0004769738425,0.0003826592147,0.0003122828555,0.0001496838224,0.0002058685301,0.0001423696646,0.0001479940164,0.0002088092596,0.0003670255435
,id20,0.0006362569785,0.0008955567021,0.0009694733896,0.0001620462459,0.0002785715934,0.0001549332378,0.000558437371,0.0003737328123,0.000370187226,id20,0.0002199739737,0.0006100589471,0.0005391340403,0.0001214036682,0.0002619260865,0.00009324270658,0.0003167503475,0.0001545873952,0.0003482180335,id20,0.000418891166,0.0008637794685,0.0006280230827,0.0001753227349,0.0002321368617,0.00009986438927,0.0006597814088,0.0002398969289,0.0003129530658
,id21,0.00125657635,0.001001398194,0.0009481428048,0.0006575060913,0.0005266186788,0.000347840746,0.0001540381866,0.0008894213399,0.0007350458179,id21,0.0008891132408,0.0006994579054,0.0007923096497,0.0003363459079,0.0001954123323,0.0004306018954,0.00009020222738,0.0005091548627,0.0004975210482,id21,0.000567503499,0.00109738222,0.0009732089525,0.0006915909917,0.0001761869973,0.0004492913767,0.0001346866185,0.0005023635467,0.0006491005644
,id22,0.0001524948005,0.00001201495056,0.000000001094108566,0.000004477334706,0.0002401656702,0.0001507117602,0.000193980553,0.000005617859528,0.0000009409704121,id22,0.00005985463122,0.000003093785792,0.000000001955924868,0.000001193325052,0.000121843163,0.0001110942475,0.0001099367117,0.000002486482229,0.0000004676466999,id22,0.00006084764025,0.000007204551314,0.0000000003503834874,0.000001485253042,0.0000707015776,0.0001036333081,0.00009369709415,0.000002616645036,0.000001035222685
,id23,0.00007069838422,0.000006110082327,0.00004982405706,0.00004199080344,0.000001439751171,0.0002442747063,0.0007382863308,0.0001970351334,0.0001830756376,id23,0.00002037270091,0.000007029431366,0.00003198998408,0.00001189479941,0.0000009835702521,0.0000744476244,0.0001462797054,0.00009182522115,0.00002071426074,id23,0.00002623602753,0.00001375691017,0.00004146345033,0.00001007021051,0.000004510155512,0.0002281664522,0.0002552121588,0.0001843977181,0.00001871826554
,id24,0.0003029161004,0,0.0001582254719,0.0007632507144,0.0008401251023,0.00008133292641,0.0002386907604,0.0006771055612,0.0005798312547,id24,0.0002820623199,0,0.00006880314256,0.0005494543811,0.0007408105496,0.0001182363873,0.0002059291091,0.0005968903319,0.0005452394876,id24,0.0007013226174,0,0.0000935688543,0.001006788226,0.0009599668631,0.00008034794744,0.0004660301132,0.0006551874379,0.001256018499
,id25,0.0001573596579,0.0005232533298,0,0,0.000006463478447,0,0,0.000003742320472,0.0001183990646,id25,0.0000725405368,0.0002453681135,0,0,0.000008337746109,0,0,0.000005033671423,0.00009479008725,id25,0.0001143067676,0.0007195330089,0,0,0.00001443509588,0,0,0.00001260353456,0.00009731621647
,id26,0.0002783285222,0.00001077609785,0.0000002575202493,0.0005015504209,0.000005435537901,0.000004859173121,0.00001951363848,0.0004807148991,0.0003835251287,id26,0.0001922029961,0.000003098470582,0.0000002634919191,0.0003272645418,0.000006052461712,0.000006155013014,0.00002853527003,0.0002610848989,0.0002766743951,id26,0.0001042179837,0.00001294898637,0.0000002949428905,0.0005303805693,0.00001296292147,0.00001233463939,0.000008587571113,0.0003540588421,0.0001927909299
,id27,0.0003900359581,0.0002297085529,0.0005682418055,0.000135257698,0.0002499500318,0.0001350063941,0.0004530724589,0.0004167964866,0.00004772250904,id27,0.0002346649045,0.0001343087775,0.0002145906612,0.0001147889756,0.0002008947491,0.0001524164301,0.0002048942604,0.0002673317419,0.00003701289837,id27,0.000302068001,0.000114914166,0.0004142475802,0.0002234543641,0.0001761076743,0.0001273904456,0.0002197122579,0.0003662121267,0.00003023327896
,id28,0,0.00009067569795,0.0001046859662,0.000008686585165,0.0002916113685,0.0001026581331,0.0001119359108,0.00002089227953,0.000448370937,id28,0,0.00003628023832,0.00003059556423,0.000005606085246,0.0001959067018,0.00003087958823,0.00008415884261,0.00001138907849,0.00006344629982,id28,0,0.0000559989885,0.00005165478722,0.000004885154389,0.0002203435134,0.00003766925163,0.0000442395558,0.00001287541728,0.00005234273295
,id29,0.0001078978669,0.00009038555612,0.0003749008526,0.0005509914743,0.0005384534372,0.000001553953677,0.0005696132776,0.0004949416898,0.0000350124963,id29,0.00004880465325,0.00008208220561,0.0001661198415,0.0002375811501,0.0001960857828,0.00000156578586,0.0003664814834,0.000274048168,0.00001660683359,id29,0.0001005756758,0.00006913204579,0.0002419765629,0.000395574968,0.0002659374691,0.000003178849026,0.0005345366999,0.000344500822,0.00001187270738
,id3,0.0005166158349,0.0004727453092,0,0.00002564798265,0.0001289470205,0.0003938390562,0.0005876292391,0.00007583292161,0.0002470989399,id3,0.0002372994812,0.0002987917515,0,0.000009421755807,0.00008679471722,0.0001602653966,0.0002056897457,0.00006619638504,0.0001216360437,id3,0.000379599181,0.000483880844,0,0.00002030912595,0.00009589658106,0.0002036658868,0.0003026144457,0.0001465166545,0.0004058565726
,id30,0.001052337881,0.0005913969572,0.0003770017525,0.00007212740571,0.0002106373836,0.000001686978859,0.00012654622,0.0005596186629,0.0009659814473,id30,0.0003584835923,0.000175296582,0.0001753001932,0.00003294415145,0.0001119023354,0.0000009277741111,0.00006717303675,0.000237774835,0.0003507300923,id30,0.0002988211186,0.0001961212232,0.0001746954731,0.00005015991245,0.0001193743098,0.000001030062109,0.00006846343808,0.0003359944085,0.0004140097513
,id31,0.00004993006969,0.0002517647423,0.0006799861651,0.0002146799316,0.0002488698977,0.0001660882399,0.0003518825367,0.0001863644207,0.0001955070603,id31,0.00001253447083,0.0001192950421,0.0001311650978,0.00008960256151,0.0001096103102,0.00006452794962,0.00004834991204,0.00004695356755,0.0000314081087,id31,0.00003513892765,0.0001070796732,0.0001010389179,0.0001626006151,0.0001171625042,0.0001028876148,0.00009269577873,0.00005323079808,0.00003016456129
,id32,0.00004535341396,0.0001487653343,0.0003234578883,0.000304041837,0.00007530729758,0.00004918999703,0.000208596489,0.0001124730864,0.0005386222995,id32,0.00003061580173,0.0000491477683,0.0001097454696,0.0001244053703,0.00002852904416,0.00001369026367,0.00004933933969,0.00007069596455,0.0001667787254,id32,0.00003963170143,0.0001616306019,0.0004052022144,0.0001840794563,0.00006186519557,0.00002858693553,0.00007715783914,0.00009589163604,0.000401620899
,id33,0.0003122685115,0.0002751552143,0.0002823813021,0.0004733815794,0.0008395942807,0.0002976405071,0.000002248663979,0.0003548184115,0.0004622719936,id33,0.00005157443465,0.00008234567512,0.0001229422617,0.000219128629,0.0003919845888,0.0001299728838,0.000000355861025,0.00008302022842,0.0001139208664,id33,0.0001197393212,0.0002961905565,0.0002988054424,0.0004130067669,0.0009013830559,0.0001906171794,0.0000008821693513,0.0002247831028,0.0001619874362
,id34,0.0002471030777,0.0003392382631,0.0002397574708,0.0000237013203,0.0001587517173,0.00002785301447,0.000006883042517,0.00001748452035,0.0001711181395,id34,0.00008151472055,0.0002121958724,0.0001119641953,0.00001534546449,0.00002407249626,0.00001134647507,0.000004595559001,0.000005803864312,0.00001813575929,id34,0.0001121524948,0.000135163317,0.00009254153909,0.00004016213961,0.00004502756833,0.00001728977587,0.000006143416636,0.000006194710478,0.00001988225198
,id35,0.0001823518289,0.0002079616288,0.00007764161468,0.0005730880458,0.0004512965003,0.0003778184929,0.0004577675131,0.0001970147974,0.0003587083892,id35,0.00005999452243,0.00006766204253,0.00001775758875,0.0003289943785,0.0002156672017,0.0001161095111,0.0001220434682,0.00009728145847,0.00007069375663,id35,0.00008543051346,0.0001290767048,0.00002777631453,0.0002465038796,0.0002862960658,0.0001236643295,0.00008158551294,0.00004008013929,0.0001115573687
,id36,0.00001278453771,0.0001151134319,0.001250009186,0.0001079551095,0.0001749886784,0.00001004432371,0.00006433916914,0.0003088814487,0.0004936887771,id36,0.000008939917994,0.00003085423645,0.0001894371754,0.00008857715406,0.0001088379652,0.00001103054473,0.000008445233237,0.0001589549772,0.0001872797007,id36,0.000007526359185,0.00003313285579,0.0003246795401,0.00008675290872,0.00009860686384,0.000007977456454,0.00001309052306,0.0002053341546,0.0002437923014
,id37,0.0002094380872,0.0007479560626,0.0002352193855,0.0005545562952,0.000003172173643,0.0002712625225,0.00001966310371,0.0004679137054,0.000357856528,id37,0.0000343906917,0.0001543104931,0.00007185463259,0.0001964824581,0.0000004906501464,0.0002698835083,0.0000148424406,0.0001923930996,0.0002559411381,id37,0.00008445163193,0.0003041642913,0.00009646298665,0.0003772479579,0.0000007031928299,0.0001509414472,0.00002754547647,0.0003169383265,0.0003791473217
,id38,0.00000005822867117,0.00006992262143,0.000006210298222,0.0002406985861,0.00007656421852,0.00001418484905,0.0000008018772073,0.00003183965586,0,id38,0.00000003748058523,0.00005882065823,0.000008801385567,0.0001912486609,0.00001609696638,0.00001003222616,0.0000005562724615,0.00004566300777,0,id38,0.0000001178742526,0.00009688771214,0.0000129655372,0.0005270154121,0.00005355132477,0.00006093603204,0.000001105056709,0.0001023734085,0
,id39,0.0007328675446,0.0001248330765,0.000006095700109,0.0004807231981,0.0002286669502,0.000437646153,0.0002122632957,0.0001838157828,0.0002454939669,id39,0.000248998774,0.0001273886515,0.000006664146412,0.0004327753038,0.0002716261417,0.0002940767614,0.0003661289001,0.0001413074243,0.0002379903686,id39,0.0003191391535,0.0002349354674,0.0000153542199,0.0003490202546,0.0006396904782,0.0003900329363,0.0002234387415,0.0001062018731,0.0001209357696
,id4,0.0007442954777,0.0005538249582,0.00004300806724,0.000281516054,0.000002228886724,0.0006008368145,0.00002502643595,0.0007645134035,0.0005051655102,id4,0.000312177021,0.0001373851309,0.00002746600194,0.0002023072624,0.000001774093015,0.0006682158003,0.00002581356253,0.00034235356,0.0002475164358,id4,0.0006071668308,0.0005079212931,0.00002215849292,0.0001424381371,0.0000009953776815,0.0008637958857,0.00004150300676,0.0002852876734,0.0002712067788
,id40,0.00001009287477,0.0001958355234,0.000000007254600313,0.00004826884612,0.00006474493684,0.0000004606848573,0.0000591316231,0.000001482352277,0.00001240362597,id40,0.000006181822052,0.00009040563297,0.000000005438738874,0.00001851502662,0.0000223926017,0.00000007500346067,0.00001230541001,0.000000416889653,0.000009846013591,id40,0.000006190843825,0.0001163171961,0.00000001289264049,0.00003909386248,0.00003626233434,0.00000007471997684,0.00001976881112,0.0000007115723668,0.00001575227759
,id41,0.00002878271368,0.0001384808258,0.0001159969571,0.000122738293,0.00001963050689,0.00005062405834,0.0001617207913,0.00006302247247,0.00009617260148,id41,0.0000268075591,0.00005326827509,0.00004883785204,0.0001119978937,0.00001408816585,0.00001368157577,0.00005701813037,0.00002053458718,0.00008211937217,id41,0.00006432003844,0.00005221248928,0.00005574713472,0.00008364885407,0.00001784790702,0.00001179222706,0.00007241462647,0.00001314255426,0.00016217394
,id42,0.0003498537895,0.0005301247756,0.0003740120695,0.000163685765,0.000254644359,0.0001843011702,0.0001786092213,0.0001415516699,0.0001020762781,id42,0.000125427043,0.0007042146003,0.0003549160415,0.000380492095,0.00022946066,0.00008208789268,0.00002688467411,0.00004874595394,0.00007361351658,id42,0.0007834525592,0.0005564887356,0.0003861339512,0.0001988880925,0.0003618476221,0.0001535796005,0.00002639976903,0.0000837110118,0.0002563535777
,id43,0.000668066694,0.0007533880949,0.00003333860243,0.0000002112662993,0.00002228471514,0.00008799336112,0.000008412410968,0.0004893413341,0.0001726099501,id43,0.0003052951601,0.0004184244398,0.00001064991402,0.0000001187469,0.00001031133548,0.0000722512118,0.000004222033657,0.0003388396376,0.0000854417931,id43,0.001176882031,0.0009410299982,0.00005022311718,0.0000003230848874,0.00002940874234,0.0001280534018,0.000002155458374,0.0006037104221,0.0003980774414
,id44,0,0.000001610242103,0.00000004748695061,0.000001438845548,0.00001274427975,0.00004720172975,0.00002601870361,0.0004971641762,0.0002708628603,id44,0,0.000000947193576,0.000000006689832581,0.0000003509715708,0.000002027987681,0.0000270601437,0.00002728599136,0.0004139158155,0.0001846516527,id44,0,0.0000007438412126,0.000000006172667251,0.0000005120380711,0.000004242826414,0.00004024959105,0.00003361736279,0.001736611047,0.0008788781698
,id45,0.0005018508468,0.0003713481712,0.0002501920839,0.0004163207876,0.0004315873497,0.00001931558834,0.0003783690694,0.0003678550699,0.0005557547459,id45,0.0003271155409,0.0002330427413,0.000135133478,0.000311426905,0.0003688329027,0.00001082663566,0.000251809875,0.0001405641516,0.0002871254856,id45,0.0005335417189,0.0004772572603,0.0001320901284,0.0004422420845,0.0005705413862,0.000007500646805,0.0003455843457,0.0003177508407,0.0005153334549
,id46,0.0001780644938,0.00022367338,0.0002172402836,0.0001780348822,0.00007733145494,0.0000001092543449,0,0.000004367052291,0.0005307166019,id46,0.0001138570846,0.0001016098425,0.00006288831789,0.000133688341,0.00006953584619,0.00000007157830383,0,0.000004128720867,0.0002415800321,id46,0.0001668217099,0.000287161474,0.0001613670998,0.00009773406744,0.0001435976629,0.0000001789119144,0,0.000005441225782,0.0002015163195
,id47,0.0003564142894,0.0002075418976,0.00009918359422,0.00009315460079,0.0006413404216,0.0001962446505,0.0002386186737,0.0002798311239,0.0002876222403,id47,0.0001373147763,0.00007138815749,0.00005746000319,0.00004471634725,0.0003715944774,0.00008137355589,0.00008711906961,0.0001007305894,0.000130640933,id47,0.0001749976142,0.00007633796931,0.00005497627963,0.0000416592742,0.000584908247,0.00009149628029,0.0001316170485,0.0001460613132,0.00007784246119
,id48,0.00005321749583,0.0002099478674,0.0002408990507,0.0002850376512,0.0002513469319,0.0002510691026,0.000335896548,0.0002302585331,0.0001917338464,id48,0.00001946479002,0.00007521253149,0.00008849176089,0.0001006919934,0.00009211685599,0.00005966307086,0.0001355263389,0.00008416627856,0.0001085439793,id48,0.000004083394348,0.00008712743685,0.00008644627912,0.0001315603674,0.0001256091455,0.00006321801003,0.0001107303963,0.00009005793067,0.00007625187489
,id49,0.0008624637703,0.000592216848,0.0005447707865,0.0004826106833,0.00001427998358,0.0001152166749,0.000281677242,0.000001540645624,0.001189965686,id49,0.0003628795138,0.0002459436779,0.0001501685438,0.000153765548,0.000004636987147,0.00004713092388,0.0001003198973,0.000001525179697,0.000701150023,id49,0.0005300478599,0.0003175987779,0.0001784116665,0.0001542914305,0.00001162416793,0.00011401944,0.000142932979,0.0000006787745394,0.000494577165
,id5,0.0006130924511,0.0003286663466,0.0004442689359,0.0006696316899,0.000133851277,0.0004213548511,0.0002773939527,0.0006079672404,0.0003404269471,id5,0.0006324303931,0.0004227940727,0.0002050718602,0.0003039824162,0.00006774526987,0.0003164337387,0.0003069303401,0.0007021820704,0.0001992059256,id5,0.0006761739005,0.0004131043623,0.0003963188525,0.0009003672863,0.0001632425488,0.0006425302917,0.0004308282793,0.0009296638564,0.0003774416077
,id50,0.001069625093,0.0003352024278,0.0002762328384,0.0003073653023,0.00000002887807398,0,0,0.0002190602858,0.0002022188267,id50,0.0007373038379,0.0001482801489,0.0003121138751,0.0003411896762,0.00000001279833004,0,0,0.000120191013,0.0002344559255,id50,0.001218421027,0.000193941071,0.0003861002063,0.0003184832893,0.00000001776919648,0,0,0.0001473981463,0.0003503824296
,id51,0.0001143922847,0.00007629084387,0.0003202719198,0.00005857631458,0.00008705093276,0.0001363002374,0.0001276082556,0.0001526752182,0.0002070791306,id51,0.00007716444801,0.00003213608258,0.0002097469258,0.00003436968802,0.00001383882769,0.00006278133835,0.00007827103855,0.00009443450973,0.00009678602687,id51,0.0001018046814,0.00006434744467,0.0002174550872,0.00002639345545,0.00005528718485,0.00009459666294,0.0001174465779,0.0001084677319,0.0001089930253
,id52,0.0005984134195,0.0004394546296,0.0006077381548,0.0003082764124,0.0005514370997,0.000217103469,0.0003389416484,0.0004854985391,0.0008710615445,id52,0.0002573371825,0.0004480350819,0.0004691636335,0.0003761827244,0.000318736501,0.00008015067408,0.000181335448,0.0007007868847,0.000714080069,id52,0.0002432823881,0.0003684553663,0.0005735905819,0.0001866909818,0.0002415083136,0.0001307163684,0.0001926636588,0.0004467990416,0.0008869558345
,id53,0.0004843231462,0.00004186749711,0.0003244940015,0.0002527322827,0.0001779317158,0,0.000101062847,0,0.00003484436599,id53,0.000223064244,0.00004484212765,0.0002353747228,0.0001812414002,0.00002109084634,0,0.00004124027534,0,0.000002809685326,id53,0.0003612075887,0.00003050057548,0.0003766009699,0.0001417112675,0.00003677669659,0,0.00004864316209,0,0.000002917847884
,id54,0.0005356645279,0.0002992118485,0.0003404078296,0.0005942242445,0.0003793957029,0.0005157283706,0.0006887199138,0.0006763047265,0.000750457839,id54,0.0003121608079,0.0002210641437,0.0002534247159,0.0003852574395,0.0002228604839,0.0003865558528,0.0003741778591,0.0004438457777,0.0003697649459,id54,0.003439450663,0.00151191177,0.001957041167,0.002563291295,0.001994924183,0.00272523385,0.002570504282,0.002344434088,0.003438534515
,id55,0.0004385152068,0.0000269297678,0.0003397345335,0.0003301625323,0.00001782133522,0.0009394903886,0.0008349423199,0.0006110576543,0.0006850762809,id55,0.0006430127129,0.00002455706027,0.000099429261,0.0002609979215,0.000006960248296,0.0008032200635,0.0006733442611,0.0009260311098,0.0005389736883,id55,0.0007155448723,0.00003872690231,0.001652781559,0.001027151596,0.00002022353101,0.002307094265,0.002182655408,0.002087683949,0.001377173647
,id56,0.00004494693601,0.000007659046099,0.000001644601276,0.0000001145312821,0.0000003539714672,0.00003666640737,0.00005982130323,0.0006348634248,0.000001975417427,id56,0.00002219651797,0.000002848072509,0.000001246187533,0.00000009251813087,0.0000001633726073,0.000006943306471,0.00004902110581,0.0003191869337,0.00000100386716,id56,0.00006819335411,0.000003421785921,0.000002748260018,0.0000003039104864,0.0000007933981577,0.00008983717357,0.00003747690496,0.002491218235,0.000002386749279
,id57,0.0005899823573,0.0003806958923,0.0002499131961,0.0006396957617,0.0001406819159,0.0004688732397,0.0004476194285,0.0003108769312,0.0004918539527,id57,0.0002365133275,0.0001460552445,0.0001716793744,0.0005009918833,0.0000493090772,0.0004251657559,0.0002856333987,0.0001351382059,0.0002107524675,id57,0.0004759752717,0.000596882771,0.0002228534158,0.0005541057558,0.00009859719781,0.0003709126192,0.0008795932889,0.0002753038814,0.0004311802394
,id58,0.0005390977418,0.0002842042123,0.0001100005958,0.0001981056639,0.0007146529295,0.00005067436166,0.0002916864471,0.0005663878261,0.0003497384017,id58,0.0004262891152,0.0003095058292,0.0001016379085,0.000129012306,0.0006666225914,0.00004978418585,0.0001780288079,0.0004929977625,0.0004108108938,id58,0.000884700038,0.0008521404771,0.0005419949597,0.0005255010776,0.002112958749,0.0001253133589,0.0004339857835,0.001848275767,0.0007830561409
,id59,0.0001729388654,0.0003478113701,0.0006160431772,0.0004349588242,0.0006340908828,0.0001449429468,0.0005946795823,0.0001669479584,0.0005832931696,id59,0.00006334579112,0.0002858426858,0.0003758190905,0.0002516275638,0.0003742475999,0.0001020119192,0.0004951145029,0.0000956702384,0.0002490731063,id59,0.0005097633379,0.002077540133,0.003984307234,0.001733818953,0.003852147894,0.000296753529,0.00206828728,0.0002723451445,0.002821096643
,id6,0.0000001648176939,0.0002318625098,0.00002742007827,0.000309746409,0.0001427356727,0.0004701947232,0.0005191546364,0.00001282345871,0.00000884906,id6,0.0000001473444212,0.0001217852055,0.000007970945909,0.0001011117396,0.00005971331741,0.000210453619,0.0003652312136,0.000005578194042,0.00000563935249,id6,0.0000002963985312,0.0001930098141,0.00001044646808,0.0001310197259,0.00008228383314,0.0004729108534,0.0004927231376,0.000007732879611,0.000001851718937
,id60,0.000349732375,0.000001753255722,0.00005842314352,0.0002712171227,0.001156346936,0.0007018645282,0.000666628769,0.0005876647682,0.0003899554477,id60,0.0001329179945,0.0000009885346073,0.00003779623198,0.0001323046514,0.0005528032752,0.0004643781978,0.0003145476213,0.000439721776,0.0001362366331,id60,0.0006273093489,0.00000157228264,0.0001034041804,0.0007704243126,0.002821070272,0.002957604701,0.003549326159,0.002647842868,0.001804113183
,id61,0.001044317955,0.0004868366292,0.0004110061041,0.0004757044969,0.00005946130213,0.0007680876139,0.0004296615428,0.0005403047103,0.0005885150628,id61,0.0004961319831,0.0003441714044,0.0004020134754,0.0003104400064,0.0000867241351,0.001103837297,0.0003885089938,0.0004997315807,0.000623740639,id61,0.0005754038986,0.0003885267026,0.0004791476517,0.0004257850912,0.00005348289388,0.0006642149009,0.000539280493,0.0006244408065,0.0009016847129
,id62,0.0004961226075,0.0005613420952,0.0003676056939,0.000006630880778,0.0000009970757037,0.0009505210208,0.0007636826812,0.0005761733087,0.0002923778051,id62,0.0005104374376,0.0004019642782,0.0003132304392,0.000001377792797,0.0000004486902471,0.0005532800765,0.0003543632,0.0007820698362,0.0002255642281,id62,0.0005709689943,0.001243366579,0.0006123911776,0.00000651970576,0.00000124132913,0.00137777314,0.001490717446,0.001072251675,0.0003379309999
,id63,0.0003955932608,0.0002105395856,0.0001123464384,0.0002369224978,0.0002699525739,0.0004211344818,0.0003973463102,0.0003327772311,0.00003156007804,id63,0.0002230840173,0.0001028162153,0.00004293559743,0.0001268439039,0.00009905755096,0.0005181431694,0.0001830125795,0.0002875706227,0.0000609838673,id63,0.0004701044137,0.0004556663259,0.0002677682439,0.0002575500986,0.0006519945254,0.001668329761,0.001033323068,0.001572309818,0.0001643652328
,id64,0.0008087253874,0.0005861613121,0.00001712939077,0.00002209853164,0.0003863293713,0.001116207001,0.0002356403427,0.0008119799668,0.0004733856686,id64,0.0002915587275,0.0001923602431,0.000008289433135,0.00001019981393,0.0001555029977,0.0003807676148,0.000136680824,0.0003021920807,0.0001430687755,id64,0.001504804099,0.0007175300039,0.00001446662372,0.00003702179194,0.0007430650505,0.001840658041,0.001250190727,0.001224994743,0.001713733815
,id65,0.0006033463994,0.0003716819661,0.0008284093153,0.0007227418588,0.0006419092612,0.0005346088286,0.0002662128976,0.0006266377147,0.0006119081235,id65,0.0004919711398,0.0002530739261,0.0004709092864,0.0003428178374,0.0005071684553,0.0006457074483,0.0003024740356,0.0005854725196,0.0005913271821,id65,0.002056738374,0.001418716498,0.00218408002,0.002061561431,0.001767902325,0.001122599947,0.0005889396848,0.003173875292,0.003738416814
,id66,0.0005543301962,0.0004949967799,0.0005313274227,0.0007945147545,0.0005134087136,0.0002467067976,0.0004508011107,0.000008271386316,0.0002312032882,id66,0.0002526112593,0.0002818595208,0.0003684240168,0.0004414528986,0.0004016671071,0.00009468536345,0.0002488345979,0.00003549952075,0.0001538250664,id66,0.003270086729,0.002470571015,0.003477063364,0.003194414326,0.003303905813,0.0006477399786,0.00283620753,0.000115873073,0.0004775082074
,id67,0.00000004226653722,0.0000001223029783,0.0001178133697,0.0000003304427882,0.0000006433782298,0.000003583425741,0.0000000658327463,0.000002637524111,0.0001748174805,id67,0.00000002272850537,0.00000002933243049,0.00006708310393,0.0000001648163092,0.0000002174938906,0.000001348817164,0.00000002513564806,0.00000118553395,0.0001103106206,id67,0.00000001638430873,0.0000000941812141,0.0001823269793,0.0000001843569514,0.0000003481565732,0.000001946204532,0.00000003948484533,0.0000009829565207,0.0002427623409
,id68,0.000608324207,0.0007492030585,0.0003041357507,0.0005328597306,0.00004036562623,0.0001464663021,0.0005043860088,0.0002548331156,0.0003818717354,id68,0.0008782023487,0.0007836801486,0.0004382336538,0.0006406860927,0.00007113213725,0.0001515736261,0.0003239875127,0.0004516867143,0.001032538193,id68,0.001493493416,0.0009792910422,0.0004725531341,0.0008066983779,0.0002086816813,0.0002301110501,0.0003820275714,0.0002122951773,0.0009396227267
,id69,0.0006308293963,0.0006084837392,0.0007132669628,0.0006255723182,0.0002581625496,0.0002046251383,0.0005884144239,0.0006991214549,0.0001932864453,id69,0.0003113172971,0.0002583615159,0.0002511188569,0.0002616177872,0.0002907290946,0.00008233760734,0.0002695197213,0.0003658525202,0.00009528606339,id69,0.0006789833934,0.001427654788,0.001083962891,0.001007967108,0.0004543667654,0.0003031199197,0.0007315266481,0.001117226326,0.0003132144282
,id7,0.0002141767244,0.0004517007247,0.0005504407623,0.00007470782777,0.0007900774116,0.0003984278496,0.0004800166205,0.0002467911548,0.0005699084768,id7,0.00008535625071,0.0003434812128,0.0002645247699,0.00004138127937,0.0004904871748,0.0003146697644,0.0001964846757,0.0001742924492,0.0002327019845,id7,0.0001223634876,0.0002821113666,0.000430498978,0.00003701132734,0.0009804115141,0.0005414253815,0.0003004900503,0.0002481015284,0.0008009408904
,id70,0.0008031013884,0.0006147360852,0.0008679019161,0.0009614659724,0.0005230089375,0.0008945983141,0.0008398395569,0.00055616931,0.0005934217664,id70,0.0004079742409,0.0002298338615,0.0007980349434,0.0007140332659,0.0003890070678,0.0006762534063,0.0006629504423,0.0006514598919,0.000669134982,id70,0.001541756902,0.0008246133483,0.0006782919237,0.001115269555,0.0006046217702,0.001779677782,0.0009070913992,0.000558371529,0.001759015855
,id71,0.0005212051551,0.000006001646253,0.0001421490178,0.0003042938096,0.0004369107149,0.0002886936843,0.0003735042196,0,0.0003293471227,id71,0.0004761068356,0.0000006927376185,0.000118066994,0.0001825771387,0.0003674270918,0.0001502867456,0.0001159725784,0,0.0001464004999,id71,0.001868803597,0.0000001506313542,0.000745597729,0.0006665666289,0.0008137652441,0.0007256954998,0.001753056837,0,0.001027859223
,id72,0.00002804802585,0.0001477969417,0.0001466554096,0.0002755662332,0.0007981379506,0.0003027066675,0.0005188308058,0.0004610064318,0.0009537568222,id72,0.000006842743125,0.00004531712,0.00004006629662,0.0001811131085,0.0003726060395,0.0002096825883,0.0002561081905,0.0004388495191,0.0005575473863,id72,0.00001530367114,0.0002017718635,0.0004146440593,0.0009533584571,0.002773683864,0.0004555358389,0.003375276189,0.0009222850515,0.003680722634
,id73,0.0002772643726,0.0006804402929,0.0004380982073,0.0006654345668,0.0005324955096,0.0003656258356,0.0003765184466,0.0007965512246,0.000874215654,id73,0.00008294810952,0.0004842542778,0.0002325549439,0.0003214913126,0.000315225009,0.0002389752994,0.0002330677052,0.0002932562443,0.0003271352851,id73,0.0001277022574,0.001134263639,0.00085418789,0.001318591374,0.00113876101,0.001108507136,0.001396071622,0.001304534181,0.001851475134
,id74,0.0006533179963,0.0001538757052,0.0004406224885,0.0002077938344,0.0005207534069,0.0008969393617,0.0001337853316,0.0004497955238,0.0007344419493,id74,0.000293017915,0.0000625893664,0.0003077076932,0.0002509422358,0.0003102676808,0.0005495712572,0.0001042676238,0.0003163278651,0.0005285577815,id74,0.001661984351,0.0004856095407,0.001165489495,0.0001454844347,0.001368243995,0.00210134412,0.0003976956083,0.0008470814245,0.002398395033
,id75,0.0001028207361,0.0001303031296,0.000502756621,0.0006027651169,0.00006305687152,0.0002910046957,0.0004962238321,0.0005408986773,0.000774774824,id75,0.00004139142138,0.0000502503032,0.000300231068,0.0004664162215,0.00001907271585,0.0001953086019,0.0003267120137,0.0003798126844,0.0003543656608,id75,0.0001006956853,0.0006222864998,0.002682143878,0.001688246648,0.00009488154081,0.001099591907,0.003522592107,0.002272728976,0.003972521826
,id76,0.0005963627953,0.0003623929302,0.0002212064445,0.0001348223238,0.0001620756875,0.00004848754639,0.0005276738039,0.00009495074424,0.0004277097245,id76,0.0005779742379,0.0002598233166,0.0001318937505,0.0001092098536,0.000148320207,0.00006674610017,0.0003166046032,0.00009630415175,0.0001951010884,id76,0.002925824396,0.001167751089,0.0008566893086,0.0002829973685,0.0003928710214,0.0001081659195,0.001519986348,0.0002124209172,0.001562585722
,id77,0.000407197428,0.0008893108097,0.0006469611808,0.0003344012271,0.0003510398721,0.0001718575403,0.0001190235147,0.0001616346041,0.0001444307522,id77,0.0003970676873,0.0003366708883,0.0003661621612,0.000183885496,0.0002910320542,0.0002166173901,0.0001627109405,0.00008305614896,0.00008643658097,id77,0.001255620656,0.002416398798,0.002031749939,0.0009385164506,0.0007548385589,0.0005347840762,0.0003143677183,0.0002513342088,0.0001517328359
,id78,0.0002270089257,0.0001522684937,0.000008096800016,0.0002414129955,0.0000386115238,0.0002638882849,0.0004530361155,0.0002101522238,0.0003433908386,id78,0.0001539508576,0.0000467829054,0.000003280531642,0.0001668436656,0.00001997038766,0.0002270384024,0.0002073209914,0.0001099104111,0.0001891032969,id78,0.0002527746824,0.0001620207915,0.000003570409011,0.0005131202556,0.0001377986691,0.0008243261046,0.002479973615,0.0005123718223,0.0006645401636
,id79,0.0005756981327,0.0003140803248,0.0001532037873,0.0006149879341,0.0006416842163,0.0005396037875,0.000004329525174,0.0006903311113,0.0001159510757,id79,0.000407151332,0.0001590016602,0.0001283578736,0.0006798708726,0.0007470582133,0.0004603996403,0.000008974811096,0.0009976633079,0.00006973961299,id79,0.002558196528,0.0007069265559,0.0003157458611,0.0007811542862,0.002612013871,0.000639513419,0.00001073543669,0.0009530479611,0.000229396695
,id8,0.0006471777996,0.00000437151178,0,0.00006936841088,0.000610042503,0.000444467619,0.000381285127,0.0006473902284,0.0003124807764,id8,0.0003389091335,0.000001645783926,0,0.00006227489679,0.0004702867351,0.0001597539665,0.00009764218684,0.00027937598,0.00009242091857,id8,0.000402353571,0.000002713119721,0,0.0001608433091,0.0004868028623,0.0004524131727,0.0002244632394,0.0004673063707,0.0001613486266
,id80,0.0002237429525,0.0003949309229,0.0002846743462,0.00007860877141,0.00007896724693,0.0001436498893,0.0001153352391,0.0001957479027,0.00003145188373,id80,0.0001557267107,0.000343451502,0.0001524928339,0.0001334352712,0.0001499183214,0.0001521861274,0.00008732134943,0.0001718066864,0.00002991850377,id80,0.0008078499224,0.001638724305,0.0007396081312,0.0002641449707,0.0002739388089,0.0003262258328,0.00007087316855,0.0007606616284,0.0001566953475
,id81,0.0000730117306,0.000000004349285986,0.0008719485247,0.0000642754276,0.0003238405263,0.0001365215249,0.00000001892247141,0.0005385297545,0.00005697828096,id81,0.0001210289566,0.000000001360663214,0.0008785579201,0.00002882219761,0.0002268656521,0.0003340391291,0.000000002189734674,0.0002712804763,0.0001046423377,id81,0.00006147405871,0.000000001351844302,0.001166187929,0.0001219408635,0.0003800567947,0.0001455515458,0.000000003521605252,0.0005831077816,0.0001072613625
,id82,0.0008726887349,0.0004035748127,0.0007733146462,0.0005750378569,0.0008055868943,0.0006828516565,0.0008542365421,0.000539258791,0.0002619983469,id82,0.0005188966094,0.0004592180466,0.0003228975783,0.0002887351234,0.0005245154347,0.000303408542,0.000314349678,0.0009077063517,0.0001727226967,id82,0.001804470088,0.001647191336,0.00356421792,0.002531347183,0.00241442401,0.002666220608,0.003239808322,0.00324728602,0.001233663477
,id83,0.0002501496036,0.00003075216675,0.0003397093834,0.0003120627357,0.0004883272983,0.0002691725332,0.0005031493361,0.0004582837892,0.0007163466955,id83,0.0001528495807,0.00002329373027,0.0001438322688,0.0002132131824,0.0002505553943,0.0001235685835,0.0002388115667,0.0003864333422,0.0004002509662,id83,0.0003367378175,0.00002777700129,0.0008388901783,0.0007697999662,0.001685945416,0.0006995734651,0.001727823346,0.001218973337,0.00147248773
,id84,0.000566678265,0.0002775306589,0.0005188009149,0.0001277995456,0.0001254862804,0.0002189148291,0.0005697566657,0.0004979691857,0.0001368734096,id84,0.0006220211244,0.0002157302897,0.0002550371049,0.0001199695112,0.0001058189799,0.0001544882482,0.0004463187598,0.0004314242375,0.0001730157828,id84,0.001244528636,0.0007116152885,0.001251311119,0.000183218049,0.0001451075306,0.0002576525115,0.001243643916,0.001387264784,0.0001822971625
,id85,0.00002636685334,0.00002466258139,0.000134228737,0.0001030256122,0.00007455057351,0.0005336965735,0.0001683934082,0.00004157730368,0.0001787186605,id85,0.00001344073198,0.00006677157497,0.0000135430102,0.0001140093776,0.00005211583863,0.0004461154662,0.00007135832501,0.00006450638884,0.0001761864495,id85,0.000006395670033,0.00005903968875,0.000120887464,0.0001723320411,0.0001238352708,0.001226652464,0.0004313498743,0.00005413334278,0.0004200405966
,id86,0.00002233692418,0.0005408311616,0.0005490007725,0.0004016989451,0.000589600697,0.0004007896859,0.000508870236,0.0003237436177,0.0002901886955,id86,0.00001073711913,0.0005281068643,0.000367872876,0.0002280387721,0.000358966014,0.0001805229696,0.0004198360237,0.0001668752469,0.0001836919793,id86,0.00003889299072,0.0009992278984,0.001040238441,0.0006525715443,0.001286480095,0.0006593903673,0.002003197434,0.000568605501,0.0006146716635
,id87,0.0005432155093,0.0002782891802,0.000515603972,0.0006374376379,0.0005963006497,0.0009109012355,0.0006944782325,0.0007462328444,0.0006816900096,id87,0.0002417175128,0.000124027889,0.0004809941735,0.0004304228011,0.0003598358962,0.000435167667,0.0006802757802,0.0004257323299,0.000335543853,id87,0.0015542787,0.001307234947,0.002140746497,0.001894553862,0.002218169467,0.003966917755,0.00201540845,0.002606979087,0.002409280856
,id88,0.0004536053576,0.0005093273451,0.0005127980706,0.0004995328022,0.0007370057289,0.0001806058931,0.000558779628,0.0002421641145,0.0003303776215,id88,0.0001126847342,0.0005245952257,0.0003076730588,0.000331249461,0.0002930769094,0.0001596869754,0.0004205231995,0.0001330964302,0.0001952125706,id88,0.0005093168444,0.001421180644,0.000802707903,0.0007318135263,0.001331925581,0.000159640331,0.00178932509,0.0004201028014,0.001259772595
,id89,0.0001645001903,0.0006697525817,0.000320430022,0.000006186340165,0.00001970496088,0.00008519519714,0.00003613256074,0.00005874327866,0.00005567236489,id89,0.00004799400147,0.0003625987817,0.000189956439,0.000007117873798,0.00001805837334,0.0001073792356,0.00003894290595,0.00002488765459,0.00004018523243,id89,0.0000567669614,0.0008885111327,0.0007871576508,0.00001393106302,0.00002648381439,0.0001065417651,0.00004644829034,0.00002818530592,0.00004323203306
,id9,0.0006072462763,0.000344079636,0.0001066602494,0.000347564893,0.00003121942573,0.00001497539731,0.000001013654436,0.000558475758,0.00004762384509,id9,0.0002186315553,0.00006558463028,0.00005900919263,0.0001924321203,0.00004845938959,0.000004235816392,0.0000005335071784,0.0002817198718,0.0000227782963,id9,0.0002361485577,0.0001686173669,0.00007540974706,0.0001782207452,0.00006339635582,0.00001469647926,0.0000003317086199,0.0006056071149,0.00002173273955
,id90,0.0005387490389,0.0003770655944,0.0002367408008,0.00001177708663,0.0000004340225196,0.0000003619102081,0.000002387298208,0.0004384970379,0.00000149394705,id90,0.000669846087,0.0003096491617,0.00007219289714,0.000005649515163,0.0000002152374492,0.0000001518442863,0.0000007054072171,0.000464638398,0.0000008323907483,id90,0.0005763641289,0.0009175904151,0.0001570461585,0.000003847400499,0.0000002047177561,0.0000001968105456,0.000001553330006,0.0003355877558,0.0000006577151157
,id91,0.0001577960228,0.0000219857239,0.0001480708376,0.0002789908195,0.0000001784755576,0.00002849382225,0.0004536505276,0.0006929996094,0.0004337116382,id91,0.00008038025371,0.00000776871521,0.00009141246441,0.0001220347012,0.00000001337955837,0.00003797819365,0.000110959395,0.0001439397612,0.00008818408876,id91,0.0004743725139,0.00001041147088,0.0001660341838,0.0004055696849,0.00000002272896709,0.00008535035388,0.0001249608003,0.0002252562803,0.000425558736
,id92,0.000584663164,0.0006738541769,0.0007952645944,0.0006177237918,0.0005317385694,0.0005134250903,0.0002278429255,0.0000005464886602,0.0004078427366,id92,0.0002485820484,0.0004196122614,0.0005644431177,0.0003457008301,0.0003440308792,0.0003740638645,0.0001376195273,0.000000178076144,0.0001217091602,id92,0.0002559425349,0.0009681122417,0.0007095305384,0.001081101935,0.0003079430257,0.0004396105742,0.0001181340566,0.0000002873181834,0.0001301788218
,id93,0,0.0003108874049,0.0002216773276,0.00000003321647866,0.00000006140708254,0.0000008748679862,0.002986398107,0.00000006330885523,0.0005912145247,id93,0,0.00001725089478,0.00007137222961,0.00000002549584836,0.00000001975587757,0.0000005523708867,0.000060573102,0.00000002065339476,0.00006827650008,id93,0,0.00004200072018,0.0001874768385,0.0000001686633823,0.00000001542552265,0.000001016564012,0.0001798984062,0.00000008556521002,0.00005395085282
,id94,0.000574893634,0.0005920969751,0.0001233641607,0.0003824885335,0.0005422430189,0.0002468167758,0.0004333774104,0.0003262093515,0.000256209181,id94,0.0003031319681,0.0003292716957,0.00008746131482,0.0002584988023,0.0004979312466,0.0002149909914,0.0002718879655,0.0002021017963,0.0001724371844,id94,0.001494803243,0.002091257657,0.0001987932191,0.00111817696,0.0008130411978,0.0007162807034,0.0007929527103,0.0003889570701,0.000343700743
,id95,0.0005207050932,0.0004448474317,0.0004915196532,0.0003723604955,0.0003973071972,0.0000278922928,0.0001437823838,0.0001569230516,0.0003395632749,id95,0.0003240700688,0.0002588754837,0.0003486801425,0.000347433717,0.0002152937123,0.00003553320373,0.00008622190015,0.000131396591,0.0002753675182,id95,0.0008548954769,0.001094625317,0.001346396689,0.001150976782,0.001780075668,0.00005112263963,0.0003480902846,0.0003488590981,0.001053932172
,id96,0.00001034318154,0.0001107013599,0.00001411969427,0.0000001164059567,0.00006600656057,0.000003923506144,0.00005660925545,0.0004702050241,0.0001849361862,id96,0.000006890954652,0.0001167600065,0.000005565837499,0.000000006827493331,0.00005529011324,0.00002581611169,0.00000798518352,0.0003468776979,0.0002099364275,id96,0.00001469428387,0.0001650705338,0.00002231707371,0.000000005044530406,0.00009553436973,0.00002962333013,0.00002080249573,0.001371551989,0.0003733867546
,id97,0.0003795060787,0.0005642599976,0.0005663464104,0.0005012839104,0.0003846582833,0.000006123609986,0.0006397519949,0.0004821805803,0.0004607382141,id97,0.0002075979257,0.0003455598113,0.0003573728185,0.0003132263076,0.0003238597217,0.000003233401011,0.0004189118107,0.0003362834409,0.0003700673828,id97,0.0003996965341,0.0005826653275,0.0006719766247,0.000847271129,0.0005235229432,0.0000110451877,0.0007790791617,0.0006144350766,0.0007666840926
,id98,0.0001536402225,0.0003497859281,0.0003468487409,0.00006633049523,0.0002578960631,0.0005855159446,0.0001563674482,0.0004603549156,0.0001475606375,id98,0.0001548948447,0.0005032077227,0.0002827534637,0.000144395406,0.0003496106747,0.0008744484928,0.000226433839,0.000733709926,0.0001562140893,id98,0.0001707136008,0.0004230995656,0.0004148961093,0.0002501823033,0.0004355623393,0.0009496941231,0.0002208858692,0.0007851556286,0.0001314696018
,id99,0.0008470408712,0.0006426052737,0.000555957491,0.0008041212197,0.0006463372099,0.0005869477559,0.0007776676805,0.0006456970927,0.0008096984677,id99,0.0003314428604,0.0003885940632,0.0002310643063,0.0004711395177,0.0002868635271,0.0001912291916,0.0005204480407,0.0003992841548,0.0003523243349,id99,0.001091403338,0.001106258581,0.002855694292,0.002761245864,0.00262096398,0.002622960398,0.002250185897,0.002127752551,0.003219137568